work_id,tradition,title,school,source_dataset,source_url,source_text_path,formation_from,formation_to,translation_dynasty,translation_place,latitude,longitude,region_note,text_length_chars,script_language,term,lemma_en,category,count,per_10k_chars,sample_segment_id,sample_text
T1421,Chinese Vinaya translation,彌沙塞部和醯五分律 / Mahīśāsaka Vinaya (Five-Part Vinaya),Mahīśāsaka,CBETA API 2025R3,https://cbdata.dila.edu.tw/stable/download/text/T1421.txt.zip,T1421_001.txt;T1421_002.txt;T1421_003.txt;T1421_004.txt;T1421_005.txt;T1421_006.txt;T1421_007.txt;T1421_008.txt;T1421_009.txt;T1421_010.txt;T1421_011.txt;T1421_012.txt;T1421_013.txt;T1421_014.txt;T1421_015.txt;T1421_016.txt;T1421_017.txt;T1421_018.txt;T1421_019.txt;T1421_020.txt;T1421_021.txt;T1421_022.txt;T1421_023.txt;T1421_024.txt;T1421_025.txt;T1421_026.txt;T1421_027.txt;T1421_028.txt;T1421_029.txt;T1421_030.txt,423,424,劉宋,龍光寺,32.062352,118.801793,"northwest/central India (trad. Mahīśāsaka transmission). Chinese translation metadata is from CBETA /works; Indic association is contextual, not an API geocode.",346291,Classical Chinese,粥,gruel/congee,grain/preparation,39,1.1262204331039503,,
T1421,Chinese Vinaya translation,彌沙塞部和醯五分律 / Mahīśāsaka Vinaya (Five-Part Vinaya),Mahīśāsaka,CBETA API 2025R3,https://cbdata.dila.edu.tw/stable/download/text/T1421.txt.zip,T1421_001.txt;T1421_002.txt;T1421_003.txt;T1421_004.txt;T1421_005.txt;T1421_006.txt;T1421_007.txt;T1421_008.txt;T1421_009.txt;T1421_010.txt;T1421_011.txt;T1421_012.txt;T1421_013.txt;T1421_014.txt;T1421_015.txt;T1421_016.txt;T1421_017.txt;T1421_018.txt;T1421_019.txt;T1421_020.txt;T1421_021.txt;T1421_022.txt;T1421_023.txt;T1421_024.txt;T1421_025.txt;T1421_026.txt;T1421_027.txt;T1421_028.txt;T1421_029.txt;T1421_030.txt,423,424,劉宋,龍光寺,32.062352,118.801793,"northwest/central India (trad. Mahīśāsaka transmission). Chinese translation metadata is from CBETA /works; Indic association is contextual, not an API geocode.",346291,Classical Chinese,乳,milk,dairy,33,0.9529557510879578,,
T1421,Chinese Vinaya translation,彌沙塞部和醯五分律 / Mahīśāsaka Vinaya (Five-Part Vinaya),Mahīśāsaka,CBETA API 2025R3,https://cbdata.dila.edu.tw/stable/download/text/T1421.txt.zip,T1421_001.txt;T1421_002.txt;T1421_003.txt;T1421_004.txt;T1421_005.txt;T1421_006.txt;T1421_007.txt;T1421_008.txt;T1421_009.txt;T1421_010.txt;T1421_011.txt;T1421_012.txt;T1421_013.txt;T1421_014.txt;T1421_015.txt;T1421_016.txt;T1421_017.txt;T1421_018.txt;T1421_019.txt;T1421_020.txt;T1421_021.txt;T1421_022.txt;T1421_023.txt;T1421_024.txt;T1421_025.txt;T1421_026.txt;T1421_027.txt;T1421_028.txt;T1421_029.txt;T1421_030.txt,423,424,劉宋,龍光寺,32.062352,118.801793,"northwest/central India (trad. Mahīśāsaka transmission). Chinese translation metadata is from CBETA /works; Indic association is contextual, not an API geocode.",346291,Classical Chinese,酥,ghee/butter,dairy,55,1.5882595851465962,,
T1421,Chinese Vinaya translation,彌沙塞部和醯五分律 / Mahīśāsaka Vinaya (Five-Part Vinaya),Mahīśāsaka,CBETA API 2025R3,https://cbdata.dila.edu.tw/stable/download/text/T1421.txt.zip,T1421_001.txt;T1421_002.txt;T1421_003.txt;T1421_004.txt;T1421_005.txt;T1421_006.txt;T1421_007.txt;T1421_008.txt;T1421_009.txt;T1421_010.txt;T1421_011.txt;T1421_012.txt;T1421_013.txt;T1421_014.txt;T1421_015.txt;T1421_016.txt;T1421_017.txt;T1421_018.txt;T1421_019.txt;T1421_020.txt;T1421_021.txt;T1421_022.txt;T1421_023.txt;T1421_024.txt;T1421_025.txt;T1421_026.txt;T1421_027.txt;T1421_028.txt;T1421_029.txt;T1421_030.txt,423,424,劉宋,龍光寺,32.062352,118.801793,"northwest/central India (trad. Mahīśāsaka transmission). Chinese translation metadata is from CBETA /works; Indic association is contextual, not an API geocode.",346291,Classical Chinese,蜜,honey,sweetener/medicine,61,1.7615242671625888,,
T1421,Chinese Vinaya translation,彌沙塞部和醯五分律 / Mahīśāsaka Vinaya (Five-Part Vinaya),Mahīśāsaka,CBETA API 2025R3,https://cbdata.dila.edu.tw/stable/download/text/T1421.txt.zip,T1421_001.txt;T1421_002.txt;T1421_003.txt;T1421_004.txt;T1421_005.txt;T1421_006.txt;T1421_007.txt;T1421_008.txt;T1421_009.txt;T1421_010.txt;T1421_011.txt;T1421_012.txt;T1421_013.txt;T1421_014.txt;T1421_015.txt;T1421_016.txt;T1421_017.txt;T1421_018.txt;T1421_019.txt;T1421_020.txt;T1421_021.txt;T1421_022.txt;T1421_023.txt;T1421_024.txt;T1421_025.txt;T1421_026.txt;T1421_027.txt;T1421_028.txt;T1421_029.txt;T1421_030.txt,423,424,劉宋,龍光寺,32.062352,118.801793,"northwest/central India (trad. Mahīśāsaka transmission). Chinese translation metadata is from CBETA /works; Indic association is contextual, not an API geocode.",346291,Classical Chinese,飯,cooked rice/meal,grain/preparation,74,2.1369310781972386,,
T1421,Chinese Vinaya translation,彌沙塞部和醯五分律 / Mahīśāsaka Vinaya (Five-Part Vinaya),Mahīśāsaka,CBETA API 2025R3,https://cbdata.dila.edu.tw/stable/download/text/T1421.txt.zip,T1421_001.txt;T1421_002.txt;T1421_003.txt;T1421_004.txt;T1421_005.txt;T1421_006.txt;T1421_007.txt;T1421_008.txt;T1421_009.txt;T1421_010.txt;T1421_011.txt;T1421_012.txt;T1421_013.txt;T1421_014.txt;T1421_015.txt;T1421_016.txt;T1421_017.txt;T1421_018.txt;T1421_019.txt;T1421_020.txt;T1421_021.txt;T1421_022.txt;T1421_023.txt;T1421_024.txt;T1421_025.txt;T1421_026.txt;T1421_027.txt;T1421_028.txt;T1421_029.txt;T1421_030.txt,423,424,劉宋,龍光寺,32.062352,118.801793,"northwest/central India (trad. Mahīśāsaka transmission). Chinese translation metadata is from CBETA /works; Indic association is contextual, not an API geocode.",346291,Classical Chinese,米,rice,grain,28,0.8085685160746309,,
T1421,Chinese Vinaya translation,彌沙塞部和醯五分律 / Mahīśāsaka Vinaya (Five-Part Vinaya),Mahīśāsaka,CBETA API 2025R3,https://cbdata.dila.edu.tw/stable/download/text/T1421.txt.zip,T1421_001.txt;T1421_002.txt;T1421_003.txt;T1421_004.txt;T1421_005.txt;T1421_006.txt;T1421_007.txt;T1421_008.txt;T1421_009.txt;T1421_010.txt;T1421_011.txt;T1421_012.txt;T1421_013.txt;T1421_014.txt;T1421_015.txt;T1421_016.txt;T1421_017.txt;T1421_018.txt;T1421_019.txt;T1421_020.txt;T1421_021.txt;T1421_022.txt;T1421_023.txt;T1421_024.txt;T1421_025.txt;T1421_026.txt;T1421_027.txt;T1421_028.txt;T1421_029.txt;T1421_030.txt,423,424,劉宋,龍光寺,32.062352,118.801793,"northwest/central India (trad. Mahīśāsaka transmission). Chinese translation metadata is from CBETA /works; Indic association is contextual, not an API geocode.",346291,Classical Chinese,麥,wheat/barley,grain,6,0.17326468201599232,,
T1421,Chinese Vinaya translation,彌沙塞部和醯五分律 / Mahīśāsaka Vinaya (Five-Part Vinaya),Mahīśāsaka,CBETA API 2025R3,https://cbdata.dila.edu.tw/stable/download/text/T1421.txt.zip,T1421_001.txt;T1421_002.txt;T1421_003.txt;T1421_004.txt;T1421_005.txt;T1421_006.txt;T1421_007.txt;T1421_008.txt;T1421_009.txt;T1421_010.txt;T1421_011.txt;T1421_012.txt;T1421_013.txt;T1421_014.txt;T1421_015.txt;T1421_016.txt;T1421_017.txt;T1421_018.txt;T1421_019.txt;T1421_020.txt;T1421_021.txt;T1421_022.txt;T1421_023.txt;T1421_024.txt;T1421_025.txt;T1421_026.txt;T1421_027.txt;T1421_028.txt;T1421_029.txt;T1421_030.txt,423,424,劉宋,龍光寺,32.062352,118.801793,"northwest/central India (trad. Mahīśāsaka transmission). Chinese translation metadata is from CBETA /works; Indic association is contextual, not an API geocode.",346291,Classical Chinese,肉,meat,animal food,71,2.0502987371892427,,
T1421,Chinese Vinaya translation,彌沙塞部和醯五分律 / Mahīśāsaka Vinaya (Five-Part Vinaya),Mahīśāsaka,CBETA API 2025R3,https://cbdata.dila.edu.tw/stable/download/text/T1421.txt.zip,T1421_001.txt;T1421_002.txt;T1421_003.txt;T1421_004.txt;T1421_005.txt;T1421_006.txt;T1421_007.txt;T1421_008.txt;T1421_009.txt;T1421_010.txt;T1421_011.txt;T1421_012.txt;T1421_013.txt;T1421_014.txt;T1421_015.txt;T1421_016.txt;T1421_017.txt;T1421_018.txt;T1421_019.txt;T1421_020.txt;T1421_021.txt;T1421_022.txt;T1421_023.txt;T1421_024.txt;T1421_025.txt;T1421_026.txt;T1421_027.txt;T1421_028.txt;T1421_029.txt;T1421_030.txt,423,424,劉宋,龍光寺,32.062352,118.801793,"northwest/central India (trad. Mahīśāsaka transmission). Chinese translation metadata is from CBETA /works; Indic association is contextual, not an API geocode.",346291,Classical Chinese,魚,fish,animal food,15,0.43316170503998086,,
T1421,Chinese Vinaya translation,彌沙塞部和醯五分律 / Mahīśāsaka Vinaya (Five-Part Vinaya),Mahīśāsaka,CBETA API 2025R3,https://cbdata.dila.edu.tw/stable/download/text/T1421.txt.zip,T1421_001.txt;T1421_002.txt;T1421_003.txt;T1421_004.txt;T1421_005.txt;T1421_006.txt;T1421_007.txt;T1421_008.txt;T1421_009.txt;T1421_010.txt;T1421_011.txt;T1421_012.txt;T1421_013.txt;T1421_014.txt;T1421_015.txt;T1421_016.txt;T1421_017.txt;T1421_018.txt;T1421_019.txt;T1421_020.txt;T1421_021.txt;T1421_022.txt;T1421_023.txt;T1421_024.txt;T1421_025.txt;T1421_026.txt;T1421_027.txt;T1421_028.txt;T1421_029.txt;T1421_030.txt,423,424,劉宋,龍光寺,32.062352,118.801793,"northwest/central India (trad. Mahīśāsaka transmission). Chinese translation metadata is from CBETA /works; Indic association is contextual, not an API geocode.",346291,Classical Chinese,餅,cake/bread,grain/preparation,28,0.8085685160746309,,
T1421,Chinese Vinaya translation,彌沙塞部和醯五分律 / Mahīśāsaka Vinaya (Five-Part Vinaya),Mahīśāsaka,CBETA API 2025R3,https://cbdata.dila.edu.tw/stable/download/text/T1421.txt.zip,T1421_001.txt;T1421_002.txt;T1421_003.txt;T1421_004.txt;T1421_005.txt;T1421_006.txt;T1421_007.txt;T1421_008.txt;T1421_009.txt;T1421_010.txt;T1421_011.txt;T1421_012.txt;T1421_013.txt;T1421_014.txt;T1421_015.txt;T1421_016.txt;T1421_017.txt;T1421_018.txt;T1421_019.txt;T1421_020.txt;T1421_021.txt;T1421_022.txt;T1421_023.txt;T1421_024.txt;T1421_025.txt;T1421_026.txt;T1421_027.txt;T1421_028.txt;T1421_029.txt;T1421_030.txt,423,424,劉宋,龍光寺,32.062352,118.801793,"northwest/central India (trad. Mahīśāsaka transmission). Chinese translation metadata is from CBETA /works; Indic association is contextual, not an API geocode.",346291,Classical Chinese,油,oil,fat/medicine,48,1.3861174561279386,,
T1421,Chinese Vinaya translation,彌沙塞部和醯五分律 / Mahīśāsaka Vinaya (Five-Part Vinaya),Mahīśāsaka,CBETA API 2025R3,https://cbdata.dila.edu.tw/stable/download/text/T1421.txt.zip,T1421_001.txt;T1421_002.txt;T1421_003.txt;T1421_004.txt;T1421_005.txt;T1421_006.txt;T1421_007.txt;T1421_008.txt;T1421_009.txt;T1421_010.txt;T1421_011.txt;T1421_012.txt;T1421_013.txt;T1421_014.txt;T1421_015.txt;T1421_016.txt;T1421_017.txt;T1421_018.txt;T1421_019.txt;T1421_020.txt;T1421_021.txt;T1421_022.txt;T1421_023.txt;T1421_024.txt;T1421_025.txt;T1421_026.txt;T1421_027.txt;T1421_028.txt;T1421_029.txt;T1421_030.txt,423,424,劉宋,龍光寺,32.062352,118.801793,"northwest/central India (trad. Mahīśāsaka transmission). Chinese translation metadata is from CBETA /works; Indic association is contextual, not an API geocode.",346291,Classical Chinese,鹽,salt,seasoning,15,0.43316170503998086,,
T1421,Chinese Vinaya translation,彌沙塞部和醯五分律 / Mahīśāsaka Vinaya (Five-Part Vinaya),Mahīśāsaka,CBETA API 2025R3,https://cbdata.dila.edu.tw/stable/download/text/T1421.txt.zip,T1421_001.txt;T1421_002.txt;T1421_003.txt;T1421_004.txt;T1421_005.txt;T1421_006.txt;T1421_007.txt;T1421_008.txt;T1421_009.txt;T1421_010.txt;T1421_011.txt;T1421_012.txt;T1421_013.txt;T1421_014.txt;T1421_015.txt;T1421_016.txt;T1421_017.txt;T1421_018.txt;T1421_019.txt;T1421_020.txt;T1421_021.txt;T1421_022.txt;T1421_023.txt;T1421_024.txt;T1421_025.txt;T1421_026.txt;T1421_027.txt;T1421_028.txt;T1421_029.txt;T1421_030.txt,423,424,劉宋,龍光寺,32.062352,118.801793,"northwest/central India (trad. Mahīśāsaka transmission). Chinese translation metadata is from CBETA /works; Indic association is contextual, not an API geocode.",346291,Classical Chinese,薑,ginger,seasoning/medicine,5,0.14438723501332695,,
T1421,Chinese Vinaya translation,彌沙塞部和醯五分律 / Mahīśāsaka Vinaya (Five-Part Vinaya),Mahīśāsaka,CBETA API 2025R3,https://cbdata.dila.edu.tw/stable/download/text/T1421.txt.zip,T1421_001.txt;T1421_002.txt;T1421_003.txt;T1421_004.txt;T1421_005.txt;T1421_006.txt;T1421_007.txt;T1421_008.txt;T1421_009.txt;T1421_010.txt;T1421_011.txt;T1421_012.txt;T1421_013.txt;T1421_014.txt;T1421_015.txt;T1421_016.txt;T1421_017.txt;T1421_018.txt;T1421_019.txt;T1421_020.txt;T1421_021.txt;T1421_022.txt;T1421_023.txt;T1421_024.txt;T1421_025.txt;T1421_026.txt;T1421_027.txt;T1421_028.txt;T1421_029.txt;T1421_030.txt,423,424,劉宋,龍光寺,32.062352,118.801793,"northwest/central India (trad. Mahīśāsaka transmission). Chinese translation metadata is from CBETA /works; Indic association is contextual, not an API geocode.",346291,Classical Chinese,糖,sugar,sweetener/medicine,1,0.028877447002665386,,
T1421,Chinese Vinaya translation,彌沙塞部和醯五分律 / Mahīśāsaka Vinaya (Five-Part Vinaya),Mahīśāsaka,CBETA API 2025R3,https://cbdata.dila.edu.tw/stable/download/text/T1421.txt.zip,T1421_001.txt;T1421_002.txt;T1421_003.txt;T1421_004.txt;T1421_005.txt;T1421_006.txt;T1421_007.txt;T1421_008.txt;T1421_009.txt;T1421_010.txt;T1421_011.txt;T1421_012.txt;T1421_013.txt;T1421_014.txt;T1421_015.txt;T1421_016.txt;T1421_017.txt;T1421_018.txt;T1421_019.txt;T1421_020.txt;T1421_021.txt;T1421_022.txt;T1421_023.txt;T1421_024.txt;T1421_025.txt;T1421_026.txt;T1421_027.txt;T1421_028.txt;T1421_029.txt;T1421_030.txt,423,424,劉宋,龍光寺,32.062352,118.801793,"northwest/central India (trad. Mahīśāsaka transmission). Chinese translation metadata is from CBETA /works; Indic association is contextual, not an API geocode.",346291,Classical Chinese,漿,drink/syrup,drink,21,0.6064263870559732,,
T1425,Chinese Vinaya translation,摩訶僧祇律 / Mahāsāṃghika Vinaya,Mahāsāṃghika,CBETA API 2025R3,https://cbdata.dila.edu.tw/stable/download/text/T1425.txt.zip,T1425_001.txt;T1425_002.txt;T1425_003.txt;T1425_004.txt;T1425_005.txt;T1425_006.txt;T1425_007.txt;T1425_008.txt;T1425_009.txt;T1425_010.txt;T1425_011.txt;T1425_012.txt;T1425_013.txt;T1425_014.txt;T1425_015.txt;T1425_016.txt;T1425_017.txt;T1425_018.txt;T1425_019.txt;T1425_020.txt;T1425_021.txt;T1425_022.txt;T1425_023.txt;T1425_024.txt;T1425_025.txt;T1425_026.txt;T1425_027.txt;T1425_028.txt;T1425_029.txt;T1425_030.txt;T1425_031.txt;T1425_032.txt;T1425_033.txt;T1425_034.txt;T1425_035.txt;T1425_036.txt;T1425_037.txt;T1425_038.txt;T1425_039.txt;T1425_040.txt,416,416,東晉,天寧寺,32.403425,119.432292,"Andhra / broader early Mahāsāṃghika transmission. Chinese translation metadata is from CBETA /works; Indic association is contextual, not an API geocode.",562940,Classical Chinese,粥,gruel/congee,grain/preparation,84,1.4921661278288985,,
T1425,Chinese Vinaya translation,摩訶僧祇律 / Mahāsāṃghika Vinaya,Mahāsāṃghika,CBETA API 2025R3,https://cbdata.dila.edu.tw/stable/download/text/T1425.txt.zip,T1425_001.txt;T1425_002.txt;T1425_003.txt;T1425_004.txt;T1425_005.txt;T1425_006.txt;T1425_007.txt;T1425_008.txt;T1425_009.txt;T1425_010.txt;T1425_011.txt;T1425_012.txt;T1425_013.txt;T1425_014.txt;T1425_015.txt;T1425_016.txt;T1425_017.txt;T1425_018.txt;T1425_019.txt;T1425_020.txt;T1425_021.txt;T1425_022.txt;T1425_023.txt;T1425_024.txt;T1425_025.txt;T1425_026.txt;T1425_027.txt;T1425_028.txt;T1425_029.txt;T1425_030.txt;T1425_031.txt;T1425_032.txt;T1425_033.txt;T1425_034.txt;T1425_035.txt;T1425_036.txt;T1425_037.txt;T1425_038.txt;T1425_039.txt;T1425_040.txt,416,416,東晉,天寧寺,32.403425,119.432292,"Andhra / broader early Mahāsāṃghika transmission. Chinese translation metadata is from CBETA /works; Indic association is contextual, not an API geocode.",562940,Classical Chinese,乳,milk,dairy,84,1.4921661278288985,,
T1425,Chinese Vinaya translation,摩訶僧祇律 / Mahāsāṃghika Vinaya,Mahāsāṃghika,CBETA API 2025R3,https://cbdata.dila.edu.tw/stable/download/text/T1425.txt.zip,T1425_001.txt;T1425_002.txt;T1425_003.txt;T1425_004.txt;T1425_005.txt;T1425_006.txt;T1425_007.txt;T1425_008.txt;T1425_009.txt;T1425_010.txt;T1425_011.txt;T1425_012.txt;T1425_013.txt;T1425_014.txt;T1425_015.txt;T1425_016.txt;T1425_017.txt;T1425_018.txt;T1425_019.txt;T1425_020.txt;T1425_021.txt;T1425_022.txt;T1425_023.txt;T1425_024.txt;T1425_025.txt;T1425_026.txt;T1425_027.txt;T1425_028.txt;T1425_029.txt;T1425_030.txt;T1425_031.txt;T1425_032.txt;T1425_033.txt;T1425_034.txt;T1425_035.txt;T1425_036.txt;T1425_037.txt;T1425_038.txt;T1425_039.txt;T1425_040.txt,416,416,東晉,天寧寺,32.403425,119.432292,"Andhra / broader early Mahāsāṃghika transmission. Chinese translation metadata is from CBETA /works; Indic association is contextual, not an API geocode.",562940,Classical Chinese,酥,ghee/butter,dairy,141,2.5047074288556503,,
T1425,Chinese Vinaya translation,摩訶僧祇律 / Mahāsāṃghika Vinaya,Mahāsāṃghika,CBETA API 2025R3,https://cbdata.dila.edu.tw/stable/download/text/T1425.txt.zip,T1425_001.txt;T1425_002.txt;T1425_003.txt;T1425_004.txt;T1425_005.txt;T1425_006.txt;T1425_007.txt;T1425_008.txt;T1425_009.txt;T1425_010.txt;T1425_011.txt;T1425_012.txt;T1425_013.txt;T1425_014.txt;T1425_015.txt;T1425_016.txt;T1425_017.txt;T1425_018.txt;T1425_019.txt;T1425_020.txt;T1425_021.txt;T1425_022.txt;T1425_023.txt;T1425_024.txt;T1425_025.txt;T1425_026.txt;T1425_027.txt;T1425_028.txt;T1425_029.txt;T1425_030.txt;T1425_031.txt;T1425_032.txt;T1425_033.txt;T1425_034.txt;T1425_035.txt;T1425_036.txt;T1425_037.txt;T1425_038.txt;T1425_039.txt;T1425_040.txt,416,416,東晉,天寧寺,32.403425,119.432292,"Andhra / broader early Mahāsāṃghika transmission. Chinese translation metadata is from CBETA /works; Indic association is contextual, not an API geocode.",562940,Classical Chinese,蜜,honey,sweetener/medicine,205,3.641595907201478,,
T1425,Chinese Vinaya translation,摩訶僧祇律 / Mahāsāṃghika Vinaya,Mahāsāṃghika,CBETA API 2025R3,https://cbdata.dila.edu.tw/stable/download/text/T1425.txt.zip,T1425_001.txt;T1425_002.txt;T1425_003.txt;T1425_004.txt;T1425_005.txt;T1425_006.txt;T1425_007.txt;T1425_008.txt;T1425_009.txt;T1425_010.txt;T1425_011.txt;T1425_012.txt;T1425_013.txt;T1425_014.txt;T1425_015.txt;T1425_016.txt;T1425_017.txt;T1425_018.txt;T1425_019.txt;T1425_020.txt;T1425_021.txt;T1425_022.txt;T1425_023.txt;T1425_024.txt;T1425_025.txt;T1425_026.txt;T1425_027.txt;T1425_028.txt;T1425_029.txt;T1425_030.txt;T1425_031.txt;T1425_032.txt;T1425_033.txt;T1425_034.txt;T1425_035.txt;T1425_036.txt;T1425_037.txt;T1425_038.txt;T1425_039.txt;T1425_040.txt,416,416,東晉,天寧寺,32.403425,119.432292,"Andhra / broader early Mahāsāṃghika transmission. Chinese translation metadata is from CBETA /works; Indic association is contextual, not an API geocode.",562940,Classical Chinese,飯,cooked rice/meal,grain/preparation,208,3.694887554623939,,
T1425,Chinese Vinaya translation,摩訶僧祇律 / Mahāsāṃghika Vinaya,Mahāsāṃghika,CBETA API 2025R3,https://cbdata.dila.edu.tw/stable/download/text/T1425.txt.zip,T1425_001.txt;T1425_002.txt;T1425_003.txt;T1425_004.txt;T1425_005.txt;T1425_006.txt;T1425_007.txt;T1425_008.txt;T1425_009.txt;T1425_010.txt;T1425_011.txt;T1425_012.txt;T1425_013.txt;T1425_014.txt;T1425_015.txt;T1425_016.txt;T1425_017.txt;T1425_018.txt;T1425_019.txt;T1425_020.txt;T1425_021.txt;T1425_022.txt;T1425_023.txt;T1425_024.txt;T1425_025.txt;T1425_026.txt;T1425_027.txt;T1425_028.txt;T1425_029.txt;T1425_030.txt;T1425_031.txt;T1425_032.txt;T1425_033.txt;T1425_034.txt;T1425_035.txt;T1425_036.txt;T1425_037.txt;T1425_038.txt;T1425_039.txt;T1425_040.txt,416,416,東晉,天寧寺,32.403425,119.432292,"Andhra / broader early Mahāsāṃghika transmission. Chinese translation metadata is from CBETA /works; Indic association is contextual, not an API geocode.",562940,Classical Chinese,米,rice,grain,66,1.1724162432941345,,
T1425,Chinese Vinaya translation,摩訶僧祇律 / Mahāsāṃghika Vinaya,Mahāsāṃghika,CBETA API 2025R3,https://cbdata.dila.edu.tw/stable/download/text/T1425.txt.zip,T1425_001.txt;T1425_002.txt;T1425_003.txt;T1425_004.txt;T1425_005.txt;T1425_006.txt;T1425_007.txt;T1425_008.txt;T1425_009.txt;T1425_010.txt;T1425_011.txt;T1425_012.txt;T1425_013.txt;T1425_014.txt;T1425_015.txt;T1425_016.txt;T1425_017.txt;T1425_018.txt;T1425_019.txt;T1425_020.txt;T1425_021.txt;T1425_022.txt;T1425_023.txt;T1425_024.txt;T1425_025.txt;T1425_026.txt;T1425_027.txt;T1425_028.txt;T1425_029.txt;T1425_030.txt;T1425_031.txt;T1425_032.txt;T1425_033.txt;T1425_034.txt;T1425_035.txt;T1425_036.txt;T1425_037.txt;T1425_038.txt;T1425_039.txt;T1425_040.txt,416,416,東晉,天寧寺,32.403425,119.432292,"Andhra / broader early Mahāsāṃghika transmission. Chinese translation metadata is from CBETA /works; Indic association is contextual, not an API geocode.",562940,Classical Chinese,麥,wheat/barley,grain,62,1.1013607133975203,,
T1425,Chinese Vinaya translation,摩訶僧祇律 / Mahāsāṃghika Vinaya,Mahāsāṃghika,CBETA API 2025R3,https://cbdata.dila.edu.tw/stable/download/text/T1425.txt.zip,T1425_001.txt;T1425_002.txt;T1425_003.txt;T1425_004.txt;T1425_005.txt;T1425_006.txt;T1425_007.txt;T1425_008.txt;T1425_009.txt;T1425_010.txt;T1425_011.txt;T1425_012.txt;T1425_013.txt;T1425_014.txt;T1425_015.txt;T1425_016.txt;T1425_017.txt;T1425_018.txt;T1425_019.txt;T1425_020.txt;T1425_021.txt;T1425_022.txt;T1425_023.txt;T1425_024.txt;T1425_025.txt;T1425_026.txt;T1425_027.txt;T1425_028.txt;T1425_029.txt;T1425_030.txt;T1425_031.txt;T1425_032.txt;T1425_033.txt;T1425_034.txt;T1425_035.txt;T1425_036.txt;T1425_037.txt;T1425_038.txt;T1425_039.txt;T1425_040.txt,416,416,東晉,天寧寺,32.403425,119.432292,"Andhra / broader early Mahāsāṃghika transmission. Chinese translation metadata is from CBETA /works; Indic association is contextual, not an API geocode.",562940,Classical Chinese,肉,meat,animal food,151,2.6823462535971863,,
T1425,Chinese Vinaya translation,摩訶僧祇律 / Mahāsāṃghika Vinaya,Mahāsāṃghika,CBETA API 2025R3,https://cbdata.dila.edu.tw/stable/download/text/T1425.txt.zip,T1425_001.txt;T1425_002.txt;T1425_003.txt;T1425_004.txt;T1425_005.txt;T1425_006.txt;T1425_007.txt;T1425_008.txt;T1425_009.txt;T1425_010.txt;T1425_011.txt;T1425_012.txt;T1425_013.txt;T1425_014.txt;T1425_015.txt;T1425_016.txt;T1425_017.txt;T1425_018.txt;T1425_019.txt;T1425_020.txt;T1425_021.txt;T1425_022.txt;T1425_023.txt;T1425_024.txt;T1425_025.txt;T1425_026.txt;T1425_027.txt;T1425_028.txt;T1425_029.txt;T1425_030.txt;T1425_031.txt;T1425_032.txt;T1425_033.txt;T1425_034.txt;T1425_035.txt;T1425_036.txt;T1425_037.txt;T1425_038.txt;T1425_039.txt;T1425_040.txt,416,416,東晉,天寧寺,32.403425,119.432292,"Andhra / broader early Mahāsāṃghika transmission. Chinese translation metadata is from CBETA /works; Indic association is contextual, not an API geocode.",562940,Classical Chinese,魚,fish,animal food,66,1.1724162432941345,,
T1425,Chinese Vinaya translation,摩訶僧祇律 / Mahāsāṃghika Vinaya,Mahāsāṃghika,CBETA API 2025R3,https://cbdata.dila.edu.tw/stable/download/text/T1425.txt.zip,T1425_001.txt;T1425_002.txt;T1425_003.txt;T1425_004.txt;T1425_005.txt;T1425_006.txt;T1425_007.txt;T1425_008.txt;T1425_009.txt;T1425_010.txt;T1425_011.txt;T1425_012.txt;T1425_013.txt;T1425_014.txt;T1425_015.txt;T1425_016.txt;T1425_017.txt;T1425_018.txt;T1425_019.txt;T1425_020.txt;T1425_021.txt;T1425_022.txt;T1425_023.txt;T1425_024.txt;T1425_025.txt;T1425_026.txt;T1425_027.txt;T1425_028.txt;T1425_029.txt;T1425_030.txt;T1425_031.txt;T1425_032.txt;T1425_033.txt;T1425_034.txt;T1425_035.txt;T1425_036.txt;T1425_037.txt;T1425_038.txt;T1425_039.txt;T1425_040.txt,416,416,東晉,天寧寺,32.403425,119.432292,"Andhra / broader early Mahāsāṃghika transmission. Chinese translation metadata is from CBETA /works; Indic association is contextual, not an API geocode.",562940,Classical Chinese,餅,cake/bread,grain/preparation,90,1.5987494226738197,,
T1425,Chinese Vinaya translation,摩訶僧祇律 / Mahāsāṃghika Vinaya,Mahāsāṃghika,CBETA API 2025R3,https://cbdata.dila.edu.tw/stable/download/text/T1425.txt.zip,T1425_001.txt;T1425_002.txt;T1425_003.txt;T1425_004.txt;T1425_005.txt;T1425_006.txt;T1425_007.txt;T1425_008.txt;T1425_009.txt;T1425_010.txt;T1425_011.txt;T1425_012.txt;T1425_013.txt;T1425_014.txt;T1425_015.txt;T1425_016.txt;T1425_017.txt;T1425_018.txt;T1425_019.txt;T1425_020.txt;T1425_021.txt;T1425_022.txt;T1425_023.txt;T1425_024.txt;T1425_025.txt;T1425_026.txt;T1425_027.txt;T1425_028.txt;T1425_029.txt;T1425_030.txt;T1425_031.txt;T1425_032.txt;T1425_033.txt;T1425_034.txt;T1425_035.txt;T1425_036.txt;T1425_037.txt;T1425_038.txt;T1425_039.txt;T1425_040.txt,416,416,東晉,天寧寺,32.403425,119.432292,"Andhra / broader early Mahāsāṃghika transmission. Chinese translation metadata is from CBETA /works; Indic association is contextual, not an API geocode.",562940,Classical Chinese,油,oil,fat/medicine,203,3.6060681422531706,,
T1425,Chinese Vinaya translation,摩訶僧祇律 / Mahāsāṃghika Vinaya,Mahāsāṃghika,CBETA API 2025R3,https://cbdata.dila.edu.tw/stable/download/text/T1425.txt.zip,T1425_001.txt;T1425_002.txt;T1425_003.txt;T1425_004.txt;T1425_005.txt;T1425_006.txt;T1425_007.txt;T1425_008.txt;T1425_009.txt;T1425_010.txt;T1425_011.txt;T1425_012.txt;T1425_013.txt;T1425_014.txt;T1425_015.txt;T1425_016.txt;T1425_017.txt;T1425_018.txt;T1425_019.txt;T1425_020.txt;T1425_021.txt;T1425_022.txt;T1425_023.txt;T1425_024.txt;T1425_025.txt;T1425_026.txt;T1425_027.txt;T1425_028.txt;T1425_029.txt;T1425_030.txt;T1425_031.txt;T1425_032.txt;T1425_033.txt;T1425_034.txt;T1425_035.txt;T1425_036.txt;T1425_037.txt;T1425_038.txt;T1425_039.txt;T1425_040.txt,416,416,東晉,天寧寺,32.403425,119.432292,"Andhra / broader early Mahāsāṃghika transmission. Chinese translation metadata is from CBETA /works; Indic association is contextual, not an API geocode.",562940,Classical Chinese,鹽,salt,seasoning,43,0.7638469463886027,,
T1425,Chinese Vinaya translation,摩訶僧祇律 / Mahāsāṃghika Vinaya,Mahāsāṃghika,CBETA API 2025R3,https://cbdata.dila.edu.tw/stable/download/text/T1425.txt.zip,T1425_001.txt;T1425_002.txt;T1425_003.txt;T1425_004.txt;T1425_005.txt;T1425_006.txt;T1425_007.txt;T1425_008.txt;T1425_009.txt;T1425_010.txt;T1425_011.txt;T1425_012.txt;T1425_013.txt;T1425_014.txt;T1425_015.txt;T1425_016.txt;T1425_017.txt;T1425_018.txt;T1425_019.txt;T1425_020.txt;T1425_021.txt;T1425_022.txt;T1425_023.txt;T1425_024.txt;T1425_025.txt;T1425_026.txt;T1425_027.txt;T1425_028.txt;T1425_029.txt;T1425_030.txt;T1425_031.txt;T1425_032.txt;T1425_033.txt;T1425_034.txt;T1425_035.txt;T1425_036.txt;T1425_037.txt;T1425_038.txt;T1425_039.txt;T1425_040.txt,416,416,東晉,天寧寺,32.403425,119.432292,"Andhra / broader early Mahāsāṃghika transmission. Chinese translation metadata is from CBETA /works; Indic association is contextual, not an API geocode.",562940,Classical Chinese,薑,ginger,seasoning/medicine,4,0.0710555298966142,,
T1425,Chinese Vinaya translation,摩訶僧祇律 / Mahāsāṃghika Vinaya,Mahāsāṃghika,CBETA API 2025R3,https://cbdata.dila.edu.tw/stable/download/text/T1425.txt.zip,T1425_001.txt;T1425_002.txt;T1425_003.txt;T1425_004.txt;T1425_005.txt;T1425_006.txt;T1425_007.txt;T1425_008.txt;T1425_009.txt;T1425_010.txt;T1425_011.txt;T1425_012.txt;T1425_013.txt;T1425_014.txt;T1425_015.txt;T1425_016.txt;T1425_017.txt;T1425_018.txt;T1425_019.txt;T1425_020.txt;T1425_021.txt;T1425_022.txt;T1425_023.txt;T1425_024.txt;T1425_025.txt;T1425_026.txt;T1425_027.txt;T1425_028.txt;T1425_029.txt;T1425_030.txt;T1425_031.txt;T1425_032.txt;T1425_033.txt;T1425_034.txt;T1425_035.txt;T1425_036.txt;T1425_037.txt;T1425_038.txt;T1425_039.txt;T1425_040.txt,416,416,東晉,天寧寺,32.403425,119.432292,"Andhra / broader early Mahāsāṃghika transmission. Chinese translation metadata is from CBETA /works; Indic association is contextual, not an API geocode.",562940,Classical Chinese,糖,sugar,sweetener/medicine,0,0.0,,
T1425,Chinese Vinaya translation,摩訶僧祇律 / Mahāsāṃghika Vinaya,Mahāsāṃghika,CBETA API 2025R3,https://cbdata.dila.edu.tw/stable/download/text/T1425.txt.zip,T1425_001.txt;T1425_002.txt;T1425_003.txt;T1425_004.txt;T1425_005.txt;T1425_006.txt;T1425_007.txt;T1425_008.txt;T1425_009.txt;T1425_010.txt;T1425_011.txt;T1425_012.txt;T1425_013.txt;T1425_014.txt;T1425_015.txt;T1425_016.txt;T1425_017.txt;T1425_018.txt;T1425_019.txt;T1425_020.txt;T1425_021.txt;T1425_022.txt;T1425_023.txt;T1425_024.txt;T1425_025.txt;T1425_026.txt;T1425_027.txt;T1425_028.txt;T1425_029.txt;T1425_030.txt;T1425_031.txt;T1425_032.txt;T1425_033.txt;T1425_034.txt;T1425_035.txt;T1425_036.txt;T1425_037.txt;T1425_038.txt;T1425_039.txt;T1425_040.txt,416,416,東晉,天寧寺,32.403425,119.432292,"Andhra / broader early Mahāsāṃghika transmission. Chinese translation metadata is from CBETA /works; Indic association is contextual, not an API geocode.",562940,Classical Chinese,漿,drink/syrup,drink,128,2.2737769566916546,,
T1428,Chinese Vinaya translation,四分律 / Dharmaguptaka Vinaya (Four-Part Vinaya),Dharmaguptaka,CBETA API 2025R3,https://cbdata.dila.edu.tw/stable/download/text/T1428.txt.zip,T1428_001.txt;T1428_002.txt;T1428_003.txt;T1428_004.txt;T1428_005.txt;T1428_006.txt;T1428_007.txt;T1428_008.txt;T1428_009.txt;T1428_010.txt;T1428_011.txt;T1428_012.txt;T1428_013.txt;T1428_014.txt;T1428_015.txt;T1428_016.txt;T1428_017.txt;T1428_018.txt;T1428_019.txt;T1428_020.txt;T1428_021.txt;T1428_022.txt;T1428_023.txt;T1428_024.txt;T1428_025.txt;T1428_026.txt;T1428_027.txt;T1428_028.txt;T1428_029.txt;T1428_030.txt;T1428_031.txt;T1428_032.txt;T1428_033.txt;T1428_034.txt;T1428_035.txt;T1428_036.txt;T1428_037.txt;T1428_038.txt;T1428_039.txt;T1428_040.txt;T1428_041.txt;T1428_042.txt;T1428_043.txt;T1428_044.txt;T1428_045.txt;T1428_046.txt;T1428_047.txt;T1428_048.txt;T1428_049.txt;T1428_050.txt;T1428_051.txt;T1428_052.txt;T1428_053.txt;T1428_054.txt;T1428_055.txt;T1428_056.txt;T1428_057.txt;T1428_058.txt;T1428_059.txt;T1428_060.txt,408,408,姚秦,中寺,36.2752,114.389,"Gandhāra / northwest India (Dharmaguptaka transmission). Chinese translation metadata is from CBETA /works; Indic association is contextual, not an API geocode.",748452,Classical Chinese,粥,gruel/congee,grain/preparation,80,1.0688728201674924,,
T1428,Chinese Vinaya translation,四分律 / Dharmaguptaka Vinaya (Four-Part Vinaya),Dharmaguptaka,CBETA API 2025R3,https://cbdata.dila.edu.tw/stable/download/text/T1428.txt.zip,T1428_001.txt;T1428_002.txt;T1428_003.txt;T1428_004.txt;T1428_005.txt;T1428_006.txt;T1428_007.txt;T1428_008.txt;T1428_009.txt;T1428_010.txt;T1428_011.txt;T1428_012.txt;T1428_013.txt;T1428_014.txt;T1428_015.txt;T1428_016.txt;T1428_017.txt;T1428_018.txt;T1428_019.txt;T1428_020.txt;T1428_021.txt;T1428_022.txt;T1428_023.txt;T1428_024.txt;T1428_025.txt;T1428_026.txt;T1428_027.txt;T1428_028.txt;T1428_029.txt;T1428_030.txt;T1428_031.txt;T1428_032.txt;T1428_033.txt;T1428_034.txt;T1428_035.txt;T1428_036.txt;T1428_037.txt;T1428_038.txt;T1428_039.txt;T1428_040.txt;T1428_041.txt;T1428_042.txt;T1428_043.txt;T1428_044.txt;T1428_045.txt;T1428_046.txt;T1428_047.txt;T1428_048.txt;T1428_049.txt;T1428_050.txt;T1428_051.txt;T1428_052.txt;T1428_053.txt;T1428_054.txt;T1428_055.txt;T1428_056.txt;T1428_057.txt;T1428_058.txt;T1428_059.txt;T1428_060.txt,408,408,姚秦,中寺,36.2752,114.389,"Gandhāra / northwest India (Dharmaguptaka transmission). Chinese translation metadata is from CBETA /works; Indic association is contextual, not an API geocode.",748452,Classical Chinese,乳,milk,dairy,96,1.2826473842009907,,
T1428,Chinese Vinaya translation,四分律 / Dharmaguptaka Vinaya (Four-Part Vinaya),Dharmaguptaka,CBETA API 2025R3,https://cbdata.dila.edu.tw/stable/download/text/T1428.txt.zip,T1428_001.txt;T1428_002.txt;T1428_003.txt;T1428_004.txt;T1428_005.txt;T1428_006.txt;T1428_007.txt;T1428_008.txt;T1428_009.txt;T1428_010.txt;T1428_011.txt;T1428_012.txt;T1428_013.txt;T1428_014.txt;T1428_015.txt;T1428_016.txt;T1428_017.txt;T1428_018.txt;T1428_019.txt;T1428_020.txt;T1428_021.txt;T1428_022.txt;T1428_023.txt;T1428_024.txt;T1428_025.txt;T1428_026.txt;T1428_027.txt;T1428_028.txt;T1428_029.txt;T1428_030.txt;T1428_031.txt;T1428_032.txt;T1428_033.txt;T1428_034.txt;T1428_035.txt;T1428_036.txt;T1428_037.txt;T1428_038.txt;T1428_039.txt;T1428_040.txt;T1428_041.txt;T1428_042.txt;T1428_043.txt;T1428_044.txt;T1428_045.txt;T1428_046.txt;T1428_047.txt;T1428_048.txt;T1428_049.txt;T1428_050.txt;T1428_051.txt;T1428_052.txt;T1428_053.txt;T1428_054.txt;T1428_055.txt;T1428_056.txt;T1428_057.txt;T1428_058.txt;T1428_059.txt;T1428_060.txt,408,408,姚秦,中寺,36.2752,114.389,"Gandhāra / northwest India (Dharmaguptaka transmission). Chinese translation metadata is from CBETA /works; Indic association is contextual, not an API geocode.",748452,Classical Chinese,酥,ghee/butter,dairy,111,1.4830610379823959,,
T1428,Chinese Vinaya translation,四分律 / Dharmaguptaka Vinaya (Four-Part Vinaya),Dharmaguptaka,CBETA API 2025R3,https://cbdata.dila.edu.tw/stable/download/text/T1428.txt.zip,T1428_001.txt;T1428_002.txt;T1428_003.txt;T1428_004.txt;T1428_005.txt;T1428_006.txt;T1428_007.txt;T1428_008.txt;T1428_009.txt;T1428_010.txt;T1428_011.txt;T1428_012.txt;T1428_013.txt;T1428_014.txt;T1428_015.txt;T1428_016.txt;T1428_017.txt;T1428_018.txt;T1428_019.txt;T1428_020.txt;T1428_021.txt;T1428_022.txt;T1428_023.txt;T1428_024.txt;T1428_025.txt;T1428_026.txt;T1428_027.txt;T1428_028.txt;T1428_029.txt;T1428_030.txt;T1428_031.txt;T1428_032.txt;T1428_033.txt;T1428_034.txt;T1428_035.txt;T1428_036.txt;T1428_037.txt;T1428_038.txt;T1428_039.txt;T1428_040.txt;T1428_041.txt;T1428_042.txt;T1428_043.txt;T1428_044.txt;T1428_045.txt;T1428_046.txt;T1428_047.txt;T1428_048.txt;T1428_049.txt;T1428_050.txt;T1428_051.txt;T1428_052.txt;T1428_053.txt;T1428_054.txt;T1428_055.txt;T1428_056.txt;T1428_057.txt;T1428_058.txt;T1428_059.txt;T1428_060.txt,408,408,姚秦,中寺,36.2752,114.389,"Gandhāra / northwest India (Dharmaguptaka transmission). Chinese translation metadata is from CBETA /works; Indic association is contextual, not an API geocode.",748452,Classical Chinese,蜜,honey,sweetener/medicine,114,1.5231437687386766,,
T1428,Chinese Vinaya translation,四分律 / Dharmaguptaka Vinaya (Four-Part Vinaya),Dharmaguptaka,CBETA API 2025R3,https://cbdata.dila.edu.tw/stable/download/text/T1428.txt.zip,T1428_001.txt;T1428_002.txt;T1428_003.txt;T1428_004.txt;T1428_005.txt;T1428_006.txt;T1428_007.txt;T1428_008.txt;T1428_009.txt;T1428_010.txt;T1428_011.txt;T1428_012.txt;T1428_013.txt;T1428_014.txt;T1428_015.txt;T1428_016.txt;T1428_017.txt;T1428_018.txt;T1428_019.txt;T1428_020.txt;T1428_021.txt;T1428_022.txt;T1428_023.txt;T1428_024.txt;T1428_025.txt;T1428_026.txt;T1428_027.txt;T1428_028.txt;T1428_029.txt;T1428_030.txt;T1428_031.txt;T1428_032.txt;T1428_033.txt;T1428_034.txt;T1428_035.txt;T1428_036.txt;T1428_037.txt;T1428_038.txt;T1428_039.txt;T1428_040.txt;T1428_041.txt;T1428_042.txt;T1428_043.txt;T1428_044.txt;T1428_045.txt;T1428_046.txt;T1428_047.txt;T1428_048.txt;T1428_049.txt;T1428_050.txt;T1428_051.txt;T1428_052.txt;T1428_053.txt;T1428_054.txt;T1428_055.txt;T1428_056.txt;T1428_057.txt;T1428_058.txt;T1428_059.txt;T1428_060.txt,408,408,姚秦,中寺,36.2752,114.389,"Gandhāra / northwest India (Dharmaguptaka transmission). Chinese translation metadata is from CBETA /works; Indic association is contextual, not an API geocode.",748452,Classical Chinese,飯,cooked rice/meal,grain/preparation,266,3.5540021270569118,,
T1428,Chinese Vinaya translation,四分律 / Dharmaguptaka Vinaya (Four-Part Vinaya),Dharmaguptaka,CBETA API 2025R3,https://cbdata.dila.edu.tw/stable/download/text/T1428.txt.zip,T1428_001.txt;T1428_002.txt;T1428_003.txt;T1428_004.txt;T1428_005.txt;T1428_006.txt;T1428_007.txt;T1428_008.txt;T1428_009.txt;T1428_010.txt;T1428_011.txt;T1428_012.txt;T1428_013.txt;T1428_014.txt;T1428_015.txt;T1428_016.txt;T1428_017.txt;T1428_018.txt;T1428_019.txt;T1428_020.txt;T1428_021.txt;T1428_022.txt;T1428_023.txt;T1428_024.txt;T1428_025.txt;T1428_026.txt;T1428_027.txt;T1428_028.txt;T1428_029.txt;T1428_030.txt;T1428_031.txt;T1428_032.txt;T1428_033.txt;T1428_034.txt;T1428_035.txt;T1428_036.txt;T1428_037.txt;T1428_038.txt;T1428_039.txt;T1428_040.txt;T1428_041.txt;T1428_042.txt;T1428_043.txt;T1428_044.txt;T1428_045.txt;T1428_046.txt;T1428_047.txt;T1428_048.txt;T1428_049.txt;T1428_050.txt;T1428_051.txt;T1428_052.txt;T1428_053.txt;T1428_054.txt;T1428_055.txt;T1428_056.txt;T1428_057.txt;T1428_058.txt;T1428_059.txt;T1428_060.txt,408,408,姚秦,中寺,36.2752,114.389,"Gandhāra / northwest India (Dharmaguptaka transmission). Chinese translation metadata is from CBETA /works; Indic association is contextual, not an API geocode.",748452,Classical Chinese,米,rice,grain,39,0.5210754998316526,,
T1428,Chinese Vinaya translation,四分律 / Dharmaguptaka Vinaya (Four-Part Vinaya),Dharmaguptaka,CBETA API 2025R3,https://cbdata.dila.edu.tw/stable/download/text/T1428.txt.zip,T1428_001.txt;T1428_002.txt;T1428_003.txt;T1428_004.txt;T1428_005.txt;T1428_006.txt;T1428_007.txt;T1428_008.txt;T1428_009.txt;T1428_010.txt;T1428_011.txt;T1428_012.txt;T1428_013.txt;T1428_014.txt;T1428_015.txt;T1428_016.txt;T1428_017.txt;T1428_018.txt;T1428_019.txt;T1428_020.txt;T1428_021.txt;T1428_022.txt;T1428_023.txt;T1428_024.txt;T1428_025.txt;T1428_026.txt;T1428_027.txt;T1428_028.txt;T1428_029.txt;T1428_030.txt;T1428_031.txt;T1428_032.txt;T1428_033.txt;T1428_034.txt;T1428_035.txt;T1428_036.txt;T1428_037.txt;T1428_038.txt;T1428_039.txt;T1428_040.txt;T1428_041.txt;T1428_042.txt;T1428_043.txt;T1428_044.txt;T1428_045.txt;T1428_046.txt;T1428_047.txt;T1428_048.txt;T1428_049.txt;T1428_050.txt;T1428_051.txt;T1428_052.txt;T1428_053.txt;T1428_054.txt;T1428_055.txt;T1428_056.txt;T1428_057.txt;T1428_058.txt;T1428_059.txt;T1428_060.txt,408,408,姚秦,中寺,36.2752,114.389,"Gandhāra / northwest India (Dharmaguptaka transmission). Chinese translation metadata is from CBETA /works; Indic association is contextual, not an API geocode.",748452,Classical Chinese,麥,wheat/barley,grain,32,0.42754912806699696,,
T1428,Chinese Vinaya translation,四分律 / Dharmaguptaka Vinaya (Four-Part Vinaya),Dharmaguptaka,CBETA API 2025R3,https://cbdata.dila.edu.tw/stable/download/text/T1428.txt.zip,T1428_001.txt;T1428_002.txt;T1428_003.txt;T1428_004.txt;T1428_005.txt;T1428_006.txt;T1428_007.txt;T1428_008.txt;T1428_009.txt;T1428_010.txt;T1428_011.txt;T1428_012.txt;T1428_013.txt;T1428_014.txt;T1428_015.txt;T1428_016.txt;T1428_017.txt;T1428_018.txt;T1428_019.txt;T1428_020.txt;T1428_021.txt;T1428_022.txt;T1428_023.txt;T1428_024.txt;T1428_025.txt;T1428_026.txt;T1428_027.txt;T1428_028.txt;T1428_029.txt;T1428_030.txt;T1428_031.txt;T1428_032.txt;T1428_033.txt;T1428_034.txt;T1428_035.txt;T1428_036.txt;T1428_037.txt;T1428_038.txt;T1428_039.txt;T1428_040.txt;T1428_041.txt;T1428_042.txt;T1428_043.txt;T1428_044.txt;T1428_045.txt;T1428_046.txt;T1428_047.txt;T1428_048.txt;T1428_049.txt;T1428_050.txt;T1428_051.txt;T1428_052.txt;T1428_053.txt;T1428_054.txt;T1428_055.txt;T1428_056.txt;T1428_057.txt;T1428_058.txt;T1428_059.txt;T1428_060.txt,408,408,姚秦,中寺,36.2752,114.389,"Gandhāra / northwest India (Dharmaguptaka transmission). Chinese translation metadata is from CBETA /works; Indic association is contextual, not an API geocode.",748452,Classical Chinese,肉,meat,animal food,154,2.057580178822423,,
T1428,Chinese Vinaya translation,四分律 / Dharmaguptaka Vinaya (Four-Part Vinaya),Dharmaguptaka,CBETA API 2025R3,https://cbdata.dila.edu.tw/stable/download/text/T1428.txt.zip,T1428_001.txt;T1428_002.txt;T1428_003.txt;T1428_004.txt;T1428_005.txt;T1428_006.txt;T1428_007.txt;T1428_008.txt;T1428_009.txt;T1428_010.txt;T1428_011.txt;T1428_012.txt;T1428_013.txt;T1428_014.txt;T1428_015.txt;T1428_016.txt;T1428_017.txt;T1428_018.txt;T1428_019.txt;T1428_020.txt;T1428_021.txt;T1428_022.txt;T1428_023.txt;T1428_024.txt;T1428_025.txt;T1428_026.txt;T1428_027.txt;T1428_028.txt;T1428_029.txt;T1428_030.txt;T1428_031.txt;T1428_032.txt;T1428_033.txt;T1428_034.txt;T1428_035.txt;T1428_036.txt;T1428_037.txt;T1428_038.txt;T1428_039.txt;T1428_040.txt;T1428_041.txt;T1428_042.txt;T1428_043.txt;T1428_044.txt;T1428_045.txt;T1428_046.txt;T1428_047.txt;T1428_048.txt;T1428_049.txt;T1428_050.txt;T1428_051.txt;T1428_052.txt;T1428_053.txt;T1428_054.txt;T1428_055.txt;T1428_056.txt;T1428_057.txt;T1428_058.txt;T1428_059.txt;T1428_060.txt,408,408,姚秦,中寺,36.2752,114.389,"Gandhāra / northwest India (Dharmaguptaka transmission). Chinese translation metadata is from CBETA /works; Indic association is contextual, not an API geocode.",748452,Classical Chinese,魚,fish,animal food,56,0.7482109741172446,,
T1428,Chinese Vinaya translation,四分律 / Dharmaguptaka Vinaya (Four-Part Vinaya),Dharmaguptaka,CBETA API 2025R3,https://cbdata.dila.edu.tw/stable/download/text/T1428.txt.zip,T1428_001.txt;T1428_002.txt;T1428_003.txt;T1428_004.txt;T1428_005.txt;T1428_006.txt;T1428_007.txt;T1428_008.txt;T1428_009.txt;T1428_010.txt;T1428_011.txt;T1428_012.txt;T1428_013.txt;T1428_014.txt;T1428_015.txt;T1428_016.txt;T1428_017.txt;T1428_018.txt;T1428_019.txt;T1428_020.txt;T1428_021.txt;T1428_022.txt;T1428_023.txt;T1428_024.txt;T1428_025.txt;T1428_026.txt;T1428_027.txt;T1428_028.txt;T1428_029.txt;T1428_030.txt;T1428_031.txt;T1428_032.txt;T1428_033.txt;T1428_034.txt;T1428_035.txt;T1428_036.txt;T1428_037.txt;T1428_038.txt;T1428_039.txt;T1428_040.txt;T1428_041.txt;T1428_042.txt;T1428_043.txt;T1428_044.txt;T1428_045.txt;T1428_046.txt;T1428_047.txt;T1428_048.txt;T1428_049.txt;T1428_050.txt;T1428_051.txt;T1428_052.txt;T1428_053.txt;T1428_054.txt;T1428_055.txt;T1428_056.txt;T1428_057.txt;T1428_058.txt;T1428_059.txt;T1428_060.txt,408,408,姚秦,中寺,36.2752,114.389,"Gandhāra / northwest India (Dharmaguptaka transmission). Chinese translation metadata is from CBETA /works; Indic association is contextual, not an API geocode.",748452,Classical Chinese,餅,cake/bread,grain/preparation,32,0.42754912806699696,,
T1428,Chinese Vinaya translation,四分律 / Dharmaguptaka Vinaya (Four-Part Vinaya),Dharmaguptaka,CBETA API 2025R3,https://cbdata.dila.edu.tw/stable/download/text/T1428.txt.zip,T1428_001.txt;T1428_002.txt;T1428_003.txt;T1428_004.txt;T1428_005.txt;T1428_006.txt;T1428_007.txt;T1428_008.txt;T1428_009.txt;T1428_010.txt;T1428_011.txt;T1428_012.txt;T1428_013.txt;T1428_014.txt;T1428_015.txt;T1428_016.txt;T1428_017.txt;T1428_018.txt;T1428_019.txt;T1428_020.txt;T1428_021.txt;T1428_022.txt;T1428_023.txt;T1428_024.txt;T1428_025.txt;T1428_026.txt;T1428_027.txt;T1428_028.txt;T1428_029.txt;T1428_030.txt;T1428_031.txt;T1428_032.txt;T1428_033.txt;T1428_034.txt;T1428_035.txt;T1428_036.txt;T1428_037.txt;T1428_038.txt;T1428_039.txt;T1428_040.txt;T1428_041.txt;T1428_042.txt;T1428_043.txt;T1428_044.txt;T1428_045.txt;T1428_046.txt;T1428_047.txt;T1428_048.txt;T1428_049.txt;T1428_050.txt;T1428_051.txt;T1428_052.txt;T1428_053.txt;T1428_054.txt;T1428_055.txt;T1428_056.txt;T1428_057.txt;T1428_058.txt;T1428_059.txt;T1428_060.txt,408,408,姚秦,中寺,36.2752,114.389,"Gandhāra / northwest India (Dharmaguptaka transmission). Chinese translation metadata is from CBETA /works; Indic association is contextual, not an API geocode.",748452,Classical Chinese,油,oil,fat/medicine,111,1.4830610379823959,,
T1428,Chinese Vinaya translation,四分律 / Dharmaguptaka Vinaya (Four-Part Vinaya),Dharmaguptaka,CBETA API 2025R3,https://cbdata.dila.edu.tw/stable/download/text/T1428.txt.zip,T1428_001.txt;T1428_002.txt;T1428_003.txt;T1428_004.txt;T1428_005.txt;T1428_006.txt;T1428_007.txt;T1428_008.txt;T1428_009.txt;T1428_010.txt;T1428_011.txt;T1428_012.txt;T1428_013.txt;T1428_014.txt;T1428_015.txt;T1428_016.txt;T1428_017.txt;T1428_018.txt;T1428_019.txt;T1428_020.txt;T1428_021.txt;T1428_022.txt;T1428_023.txt;T1428_024.txt;T1428_025.txt;T1428_026.txt;T1428_027.txt;T1428_028.txt;T1428_029.txt;T1428_030.txt;T1428_031.txt;T1428_032.txt;T1428_033.txt;T1428_034.txt;T1428_035.txt;T1428_036.txt;T1428_037.txt;T1428_038.txt;T1428_039.txt;T1428_040.txt;T1428_041.txt;T1428_042.txt;T1428_043.txt;T1428_044.txt;T1428_045.txt;T1428_046.txt;T1428_047.txt;T1428_048.txt;T1428_049.txt;T1428_050.txt;T1428_051.txt;T1428_052.txt;T1428_053.txt;T1428_054.txt;T1428_055.txt;T1428_056.txt;T1428_057.txt;T1428_058.txt;T1428_059.txt;T1428_060.txt,408,408,姚秦,中寺,36.2752,114.389,"Gandhāra / northwest India (Dharmaguptaka transmission). Chinese translation metadata is from CBETA /works; Indic association is contextual, not an API geocode.",748452,Classical Chinese,鹽,salt,seasoning,39,0.5210754998316526,,
T1428,Chinese Vinaya translation,四分律 / Dharmaguptaka Vinaya (Four-Part Vinaya),Dharmaguptaka,CBETA API 2025R3,https://cbdata.dila.edu.tw/stable/download/text/T1428.txt.zip,T1428_001.txt;T1428_002.txt;T1428_003.txt;T1428_004.txt;T1428_005.txt;T1428_006.txt;T1428_007.txt;T1428_008.txt;T1428_009.txt;T1428_010.txt;T1428_011.txt;T1428_012.txt;T1428_013.txt;T1428_014.txt;T1428_015.txt;T1428_016.txt;T1428_017.txt;T1428_018.txt;T1428_019.txt;T1428_020.txt;T1428_021.txt;T1428_022.txt;T1428_023.txt;T1428_024.txt;T1428_025.txt;T1428_026.txt;T1428_027.txt;T1428_028.txt;T1428_029.txt;T1428_030.txt;T1428_031.txt;T1428_032.txt;T1428_033.txt;T1428_034.txt;T1428_035.txt;T1428_036.txt;T1428_037.txt;T1428_038.txt;T1428_039.txt;T1428_040.txt;T1428_041.txt;T1428_042.txt;T1428_043.txt;T1428_044.txt;T1428_045.txt;T1428_046.txt;T1428_047.txt;T1428_048.txt;T1428_049.txt;T1428_050.txt;T1428_051.txt;T1428_052.txt;T1428_053.txt;T1428_054.txt;T1428_055.txt;T1428_056.txt;T1428_057.txt;T1428_058.txt;T1428_059.txt;T1428_060.txt,408,408,姚秦,中寺,36.2752,114.389,"Gandhāra / northwest India (Dharmaguptaka transmission). Chinese translation metadata is from CBETA /works; Indic association is contextual, not an API geocode.",748452,Classical Chinese,薑,ginger,seasoning/medicine,9,0.1202481922688429,,
T1428,Chinese Vinaya translation,四分律 / Dharmaguptaka Vinaya (Four-Part Vinaya),Dharmaguptaka,CBETA API 2025R3,https://cbdata.dila.edu.tw/stable/download/text/T1428.txt.zip,T1428_001.txt;T1428_002.txt;T1428_003.txt;T1428_004.txt;T1428_005.txt;T1428_006.txt;T1428_007.txt;T1428_008.txt;T1428_009.txt;T1428_010.txt;T1428_011.txt;T1428_012.txt;T1428_013.txt;T1428_014.txt;T1428_015.txt;T1428_016.txt;T1428_017.txt;T1428_018.txt;T1428_019.txt;T1428_020.txt;T1428_021.txt;T1428_022.txt;T1428_023.txt;T1428_024.txt;T1428_025.txt;T1428_026.txt;T1428_027.txt;T1428_028.txt;T1428_029.txt;T1428_030.txt;T1428_031.txt;T1428_032.txt;T1428_033.txt;T1428_034.txt;T1428_035.txt;T1428_036.txt;T1428_037.txt;T1428_038.txt;T1428_039.txt;T1428_040.txt;T1428_041.txt;T1428_042.txt;T1428_043.txt;T1428_044.txt;T1428_045.txt;T1428_046.txt;T1428_047.txt;T1428_048.txt;T1428_049.txt;T1428_050.txt;T1428_051.txt;T1428_052.txt;T1428_053.txt;T1428_054.txt;T1428_055.txt;T1428_056.txt;T1428_057.txt;T1428_058.txt;T1428_059.txt;T1428_060.txt,408,408,姚秦,中寺,36.2752,114.389,"Gandhāra / northwest India (Dharmaguptaka transmission). Chinese translation metadata is from CBETA /works; Indic association is contextual, not an API geocode.",748452,Classical Chinese,糖,sugar,sweetener/medicine,0,0.0,,
T1428,Chinese Vinaya translation,四分律 / Dharmaguptaka Vinaya (Four-Part Vinaya),Dharmaguptaka,CBETA API 2025R3,https://cbdata.dila.edu.tw/stable/download/text/T1428.txt.zip,T1428_001.txt;T1428_002.txt;T1428_003.txt;T1428_004.txt;T1428_005.txt;T1428_006.txt;T1428_007.txt;T1428_008.txt;T1428_009.txt;T1428_010.txt;T1428_011.txt;T1428_012.txt;T1428_013.txt;T1428_014.txt;T1428_015.txt;T1428_016.txt;T1428_017.txt;T1428_018.txt;T1428_019.txt;T1428_020.txt;T1428_021.txt;T1428_022.txt;T1428_023.txt;T1428_024.txt;T1428_025.txt;T1428_026.txt;T1428_027.txt;T1428_028.txt;T1428_029.txt;T1428_030.txt;T1428_031.txt;T1428_032.txt;T1428_033.txt;T1428_034.txt;T1428_035.txt;T1428_036.txt;T1428_037.txt;T1428_038.txt;T1428_039.txt;T1428_040.txt;T1428_041.txt;T1428_042.txt;T1428_043.txt;T1428_044.txt;T1428_045.txt;T1428_046.txt;T1428_047.txt;T1428_048.txt;T1428_049.txt;T1428_050.txt;T1428_051.txt;T1428_052.txt;T1428_053.txt;T1428_054.txt;T1428_055.txt;T1428_056.txt;T1428_057.txt;T1428_058.txt;T1428_059.txt;T1428_060.txt,408,408,姚秦,中寺,36.2752,114.389,"Gandhāra / northwest India (Dharmaguptaka transmission). Chinese translation metadata is from CBETA /works; Indic association is contextual, not an API geocode.",748452,Classical Chinese,漿,drink/syrup,drink,75,1.002068268907024,,
T1435,Chinese Vinaya translation,十誦律 / Sarvāstivāda Vinaya (Ten-Recitation Vinaya),Sarvāstivāda,CBETA API 2025R3,https://cbdata.dila.edu.tw/stable/download/text/T1435.txt.zip,T1435_001.txt;T1435_002.txt;T1435_003.txt;T1435_004.txt;T1435_005.txt;T1435_006.txt;T1435_007.txt;T1435_008.txt;T1435_009.txt;T1435_010.txt;T1435_011.txt;T1435_012.txt;T1435_013.txt;T1435_014.txt;T1435_015.txt;T1435_016.txt;T1435_017.txt;T1435_018.txt;T1435_019.txt;T1435_020.txt;T1435_021.txt;T1435_022.txt;T1435_023.txt;T1435_024.txt;T1435_025.txt;T1435_026.txt;T1435_027.txt;T1435_028.txt;T1435_029.txt;T1435_030.txt;T1435_031.txt;T1435_032.txt;T1435_033.txt;T1435_034.txt;T1435_035.txt;T1435_036.txt;T1435_037.txt;T1435_038.txt;T1435_039.txt;T1435_040.txt;T1435_041.txt;T1435_042.txt;T1435_043.txt;T1435_044.txt;T1435_045.txt;T1435_046.txt;T1435_047.txt;T1435_048.txt;T1435_049.txt;T1435_050.txt;T1435_051.txt;T1435_052.txt;T1435_053.txt;T1435_054.txt;T1435_055.txt;T1435_056.txt;T1435_057.txt;T1435_058.txt;T1435_059.txt;T1435_060.txt;T1435_061.txt,404,404,後秦,石澗寺,32.5747,116.786,"Kashmir / northwest India (Sarvāstivāda transmission). Chinese translation metadata is from CBETA /works; Indic association is contextual, not an API geocode.",822652,Classical Chinese,粥,gruel/congee,grain/preparation,151,1.8355270515357647,,
T1435,Chinese Vinaya translation,十誦律 / Sarvāstivāda Vinaya (Ten-Recitation Vinaya),Sarvāstivāda,CBETA API 2025R3,https://cbdata.dila.edu.tw/stable/download/text/T1435.txt.zip,T1435_001.txt;T1435_002.txt;T1435_003.txt;T1435_004.txt;T1435_005.txt;T1435_006.txt;T1435_007.txt;T1435_008.txt;T1435_009.txt;T1435_010.txt;T1435_011.txt;T1435_012.txt;T1435_013.txt;T1435_014.txt;T1435_015.txt;T1435_016.txt;T1435_017.txt;T1435_018.txt;T1435_019.txt;T1435_020.txt;T1435_021.txt;T1435_022.txt;T1435_023.txt;T1435_024.txt;T1435_025.txt;T1435_026.txt;T1435_027.txt;T1435_028.txt;T1435_029.txt;T1435_030.txt;T1435_031.txt;T1435_032.txt;T1435_033.txt;T1435_034.txt;T1435_035.txt;T1435_036.txt;T1435_037.txt;T1435_038.txt;T1435_039.txt;T1435_040.txt;T1435_041.txt;T1435_042.txt;T1435_043.txt;T1435_044.txt;T1435_045.txt;T1435_046.txt;T1435_047.txt;T1435_048.txt;T1435_049.txt;T1435_050.txt;T1435_051.txt;T1435_052.txt;T1435_053.txt;T1435_054.txt;T1435_055.txt;T1435_056.txt;T1435_057.txt;T1435_058.txt;T1435_059.txt;T1435_060.txt;T1435_061.txt,404,404,後秦,石澗寺,32.5747,116.786,"Kashmir / northwest India (Sarvāstivāda transmission). Chinese translation metadata is from CBETA /works; Indic association is contextual, not an API geocode.",822652,Classical Chinese,乳,milk,dairy,86,1.0453995127952038,,
T1435,Chinese Vinaya translation,十誦律 / Sarvāstivāda Vinaya (Ten-Recitation Vinaya),Sarvāstivāda,CBETA API 2025R3,https://cbdata.dila.edu.tw/stable/download/text/T1435.txt.zip,T1435_001.txt;T1435_002.txt;T1435_003.txt;T1435_004.txt;T1435_005.txt;T1435_006.txt;T1435_007.txt;T1435_008.txt;T1435_009.txt;T1435_010.txt;T1435_011.txt;T1435_012.txt;T1435_013.txt;T1435_014.txt;T1435_015.txt;T1435_016.txt;T1435_017.txt;T1435_018.txt;T1435_019.txt;T1435_020.txt;T1435_021.txt;T1435_022.txt;T1435_023.txt;T1435_024.txt;T1435_025.txt;T1435_026.txt;T1435_027.txt;T1435_028.txt;T1435_029.txt;T1435_030.txt;T1435_031.txt;T1435_032.txt;T1435_033.txt;T1435_034.txt;T1435_035.txt;T1435_036.txt;T1435_037.txt;T1435_038.txt;T1435_039.txt;T1435_040.txt;T1435_041.txt;T1435_042.txt;T1435_043.txt;T1435_044.txt;T1435_045.txt;T1435_046.txt;T1435_047.txt;T1435_048.txt;T1435_049.txt;T1435_050.txt;T1435_051.txt;T1435_052.txt;T1435_053.txt;T1435_054.txt;T1435_055.txt;T1435_056.txt;T1435_057.txt;T1435_058.txt;T1435_059.txt;T1435_060.txt;T1435_061.txt,404,404,後秦,石澗寺,32.5747,116.786,"Kashmir / northwest India (Sarvāstivāda transmission). Chinese translation metadata is from CBETA /works; Indic association is contextual, not an API geocode.",822652,Classical Chinese,酥,ghee/butter,dairy,153,1.8598386681123975,,
T1435,Chinese Vinaya translation,十誦律 / Sarvāstivāda Vinaya (Ten-Recitation Vinaya),Sarvāstivāda,CBETA API 2025R3,https://cbdata.dila.edu.tw/stable/download/text/T1435.txt.zip,T1435_001.txt;T1435_002.txt;T1435_003.txt;T1435_004.txt;T1435_005.txt;T1435_006.txt;T1435_007.txt;T1435_008.txt;T1435_009.txt;T1435_010.txt;T1435_011.txt;T1435_012.txt;T1435_013.txt;T1435_014.txt;T1435_015.txt;T1435_016.txt;T1435_017.txt;T1435_018.txt;T1435_019.txt;T1435_020.txt;T1435_021.txt;T1435_022.txt;T1435_023.txt;T1435_024.txt;T1435_025.txt;T1435_026.txt;T1435_027.txt;T1435_028.txt;T1435_029.txt;T1435_030.txt;T1435_031.txt;T1435_032.txt;T1435_033.txt;T1435_034.txt;T1435_035.txt;T1435_036.txt;T1435_037.txt;T1435_038.txt;T1435_039.txt;T1435_040.txt;T1435_041.txt;T1435_042.txt;T1435_043.txt;T1435_044.txt;T1435_045.txt;T1435_046.txt;T1435_047.txt;T1435_048.txt;T1435_049.txt;T1435_050.txt;T1435_051.txt;T1435_052.txt;T1435_053.txt;T1435_054.txt;T1435_055.txt;T1435_056.txt;T1435_057.txt;T1435_058.txt;T1435_059.txt;T1435_060.txt;T1435_061.txt,404,404,後秦,石澗寺,32.5747,116.786,"Kashmir / northwest India (Sarvāstivāda transmission). Chinese translation metadata is from CBETA /works; Indic association is contextual, not an API geocode.",822652,Classical Chinese,蜜,honey,sweetener/medicine,135,1.6410341189227038,,
T1435,Chinese Vinaya translation,十誦律 / Sarvāstivāda Vinaya (Ten-Recitation Vinaya),Sarvāstivāda,CBETA API 2025R3,https://cbdata.dila.edu.tw/stable/download/text/T1435.txt.zip,T1435_001.txt;T1435_002.txt;T1435_003.txt;T1435_004.txt;T1435_005.txt;T1435_006.txt;T1435_007.txt;T1435_008.txt;T1435_009.txt;T1435_010.txt;T1435_011.txt;T1435_012.txt;T1435_013.txt;T1435_014.txt;T1435_015.txt;T1435_016.txt;T1435_017.txt;T1435_018.txt;T1435_019.txt;T1435_020.txt;T1435_021.txt;T1435_022.txt;T1435_023.txt;T1435_024.txt;T1435_025.txt;T1435_026.txt;T1435_027.txt;T1435_028.txt;T1435_029.txt;T1435_030.txt;T1435_031.txt;T1435_032.txt;T1435_033.txt;T1435_034.txt;T1435_035.txt;T1435_036.txt;T1435_037.txt;T1435_038.txt;T1435_039.txt;T1435_040.txt;T1435_041.txt;T1435_042.txt;T1435_043.txt;T1435_044.txt;T1435_045.txt;T1435_046.txt;T1435_047.txt;T1435_048.txt;T1435_049.txt;T1435_050.txt;T1435_051.txt;T1435_052.txt;T1435_053.txt;T1435_054.txt;T1435_055.txt;T1435_056.txt;T1435_057.txt;T1435_058.txt;T1435_059.txt;T1435_060.txt;T1435_061.txt,404,404,後秦,石澗寺,32.5747,116.786,"Kashmir / northwest India (Sarvāstivāda transmission). Chinese translation metadata is from CBETA /works; Indic association is contextual, not an API geocode.",822652,Classical Chinese,飯,cooked rice/meal,grain/preparation,221,2.6864336317179074,,
T1435,Chinese Vinaya translation,十誦律 / Sarvāstivāda Vinaya (Ten-Recitation Vinaya),Sarvāstivāda,CBETA API 2025R3,https://cbdata.dila.edu.tw/stable/download/text/T1435.txt.zip,T1435_001.txt;T1435_002.txt;T1435_003.txt;T1435_004.txt;T1435_005.txt;T1435_006.txt;T1435_007.txt;T1435_008.txt;T1435_009.txt;T1435_010.txt;T1435_011.txt;T1435_012.txt;T1435_013.txt;T1435_014.txt;T1435_015.txt;T1435_016.txt;T1435_017.txt;T1435_018.txt;T1435_019.txt;T1435_020.txt;T1435_021.txt;T1435_022.txt;T1435_023.txt;T1435_024.txt;T1435_025.txt;T1435_026.txt;T1435_027.txt;T1435_028.txt;T1435_029.txt;T1435_030.txt;T1435_031.txt;T1435_032.txt;T1435_033.txt;T1435_034.txt;T1435_035.txt;T1435_036.txt;T1435_037.txt;T1435_038.txt;T1435_039.txt;T1435_040.txt;T1435_041.txt;T1435_042.txt;T1435_043.txt;T1435_044.txt;T1435_045.txt;T1435_046.txt;T1435_047.txt;T1435_048.txt;T1435_049.txt;T1435_050.txt;T1435_051.txt;T1435_052.txt;T1435_053.txt;T1435_054.txt;T1435_055.txt;T1435_056.txt;T1435_057.txt;T1435_058.txt;T1435_059.txt;T1435_060.txt;T1435_061.txt,404,404,後秦,石澗寺,32.5747,116.786,"Kashmir / northwest India (Sarvāstivāda transmission). Chinese translation metadata is from CBETA /works; Indic association is contextual, not an API geocode.",822652,Classical Chinese,米,rice,grain,41,0.4983881398209693,,
T1435,Chinese Vinaya translation,十誦律 / Sarvāstivāda Vinaya (Ten-Recitation Vinaya),Sarvāstivāda,CBETA API 2025R3,https://cbdata.dila.edu.tw/stable/download/text/T1435.txt.zip,T1435_001.txt;T1435_002.txt;T1435_003.txt;T1435_004.txt;T1435_005.txt;T1435_006.txt;T1435_007.txt;T1435_008.txt;T1435_009.txt;T1435_010.txt;T1435_011.txt;T1435_012.txt;T1435_013.txt;T1435_014.txt;T1435_015.txt;T1435_016.txt;T1435_017.txt;T1435_018.txt;T1435_019.txt;T1435_020.txt;T1435_021.txt;T1435_022.txt;T1435_023.txt;T1435_024.txt;T1435_025.txt;T1435_026.txt;T1435_027.txt;T1435_028.txt;T1435_029.txt;T1435_030.txt;T1435_031.txt;T1435_032.txt;T1435_033.txt;T1435_034.txt;T1435_035.txt;T1435_036.txt;T1435_037.txt;T1435_038.txt;T1435_039.txt;T1435_040.txt;T1435_041.txt;T1435_042.txt;T1435_043.txt;T1435_044.txt;T1435_045.txt;T1435_046.txt;T1435_047.txt;T1435_048.txt;T1435_049.txt;T1435_050.txt;T1435_051.txt;T1435_052.txt;T1435_053.txt;T1435_054.txt;T1435_055.txt;T1435_056.txt;T1435_057.txt;T1435_058.txt;T1435_059.txt;T1435_060.txt;T1435_061.txt,404,404,後秦,石澗寺,32.5747,116.786,"Kashmir / northwest India (Sarvāstivāda transmission). Chinese translation metadata is from CBETA /works; Indic association is contextual, not an API geocode.",822652,Classical Chinese,麥,wheat/barley,grain,55,0.6685694558573978,,
T1435,Chinese Vinaya translation,十誦律 / Sarvāstivāda Vinaya (Ten-Recitation Vinaya),Sarvāstivāda,CBETA API 2025R3,https://cbdata.dila.edu.tw/stable/download/text/T1435.txt.zip,T1435_001.txt;T1435_002.txt;T1435_003.txt;T1435_004.txt;T1435_005.txt;T1435_006.txt;T1435_007.txt;T1435_008.txt;T1435_009.txt;T1435_010.txt;T1435_011.txt;T1435_012.txt;T1435_013.txt;T1435_014.txt;T1435_015.txt;T1435_016.txt;T1435_017.txt;T1435_018.txt;T1435_019.txt;T1435_020.txt;T1435_021.txt;T1435_022.txt;T1435_023.txt;T1435_024.txt;T1435_025.txt;T1435_026.txt;T1435_027.txt;T1435_028.txt;T1435_029.txt;T1435_030.txt;T1435_031.txt;T1435_032.txt;T1435_033.txt;T1435_034.txt;T1435_035.txt;T1435_036.txt;T1435_037.txt;T1435_038.txt;T1435_039.txt;T1435_040.txt;T1435_041.txt;T1435_042.txt;T1435_043.txt;T1435_044.txt;T1435_045.txt;T1435_046.txt;T1435_047.txt;T1435_048.txt;T1435_049.txt;T1435_050.txt;T1435_051.txt;T1435_052.txt;T1435_053.txt;T1435_054.txt;T1435_055.txt;T1435_056.txt;T1435_057.txt;T1435_058.txt;T1435_059.txt;T1435_060.txt;T1435_061.txt,404,404,後秦,石澗寺,32.5747,116.786,"Kashmir / northwest India (Sarvāstivāda transmission). Chinese translation metadata is from CBETA /works; Indic association is contextual, not an API geocode.",822652,Classical Chinese,肉,meat,animal food,253,3.0754194969440296,,
T1435,Chinese Vinaya translation,十誦律 / Sarvāstivāda Vinaya (Ten-Recitation Vinaya),Sarvāstivāda,CBETA API 2025R3,https://cbdata.dila.edu.tw/stable/download/text/T1435.txt.zip,T1435_001.txt;T1435_002.txt;T1435_003.txt;T1435_004.txt;T1435_005.txt;T1435_006.txt;T1435_007.txt;T1435_008.txt;T1435_009.txt;T1435_010.txt;T1435_011.txt;T1435_012.txt;T1435_013.txt;T1435_014.txt;T1435_015.txt;T1435_016.txt;T1435_017.txt;T1435_018.txt;T1435_019.txt;T1435_020.txt;T1435_021.txt;T1435_022.txt;T1435_023.txt;T1435_024.txt;T1435_025.txt;T1435_026.txt;T1435_027.txt;T1435_028.txt;T1435_029.txt;T1435_030.txt;T1435_031.txt;T1435_032.txt;T1435_033.txt;T1435_034.txt;T1435_035.txt;T1435_036.txt;T1435_037.txt;T1435_038.txt;T1435_039.txt;T1435_040.txt;T1435_041.txt;T1435_042.txt;T1435_043.txt;T1435_044.txt;T1435_045.txt;T1435_046.txt;T1435_047.txt;T1435_048.txt;T1435_049.txt;T1435_050.txt;T1435_051.txt;T1435_052.txt;T1435_053.txt;T1435_054.txt;T1435_055.txt;T1435_056.txt;T1435_057.txt;T1435_058.txt;T1435_059.txt;T1435_060.txt;T1435_061.txt,404,404,後秦,石澗寺,32.5747,116.786,"Kashmir / northwest India (Sarvāstivāda transmission). Chinese translation metadata is from CBETA /works; Indic association is contextual, not an API geocode.",822652,Classical Chinese,魚,fish,animal food,72,0.8752181967587752,,
T1435,Chinese Vinaya translation,十誦律 / Sarvāstivāda Vinaya (Ten-Recitation Vinaya),Sarvāstivāda,CBETA API 2025R3,https://cbdata.dila.edu.tw/stable/download/text/T1435.txt.zip,T1435_001.txt;T1435_002.txt;T1435_003.txt;T1435_004.txt;T1435_005.txt;T1435_006.txt;T1435_007.txt;T1435_008.txt;T1435_009.txt;T1435_010.txt;T1435_011.txt;T1435_012.txt;T1435_013.txt;T1435_014.txt;T1435_015.txt;T1435_016.txt;T1435_017.txt;T1435_018.txt;T1435_019.txt;T1435_020.txt;T1435_021.txt;T1435_022.txt;T1435_023.txt;T1435_024.txt;T1435_025.txt;T1435_026.txt;T1435_027.txt;T1435_028.txt;T1435_029.txt;T1435_030.txt;T1435_031.txt;T1435_032.txt;T1435_033.txt;T1435_034.txt;T1435_035.txt;T1435_036.txt;T1435_037.txt;T1435_038.txt;T1435_039.txt;T1435_040.txt;T1435_041.txt;T1435_042.txt;T1435_043.txt;T1435_044.txt;T1435_045.txt;T1435_046.txt;T1435_047.txt;T1435_048.txt;T1435_049.txt;T1435_050.txt;T1435_051.txt;T1435_052.txt;T1435_053.txt;T1435_054.txt;T1435_055.txt;T1435_056.txt;T1435_057.txt;T1435_058.txt;T1435_059.txt;T1435_060.txt;T1435_061.txt,404,404,後秦,石澗寺,32.5747,116.786,"Kashmir / northwest India (Sarvāstivāda transmission). Chinese translation metadata is from CBETA /works; Indic association is contextual, not an API geocode.",822652,Classical Chinese,餅,cake/bread,grain/preparation,82,0.9967762796419386,,
T1435,Chinese Vinaya translation,十誦律 / Sarvāstivāda Vinaya (Ten-Recitation Vinaya),Sarvāstivāda,CBETA API 2025R3,https://cbdata.dila.edu.tw/stable/download/text/T1435.txt.zip,T1435_001.txt;T1435_002.txt;T1435_003.txt;T1435_004.txt;T1435_005.txt;T1435_006.txt;T1435_007.txt;T1435_008.txt;T1435_009.txt;T1435_010.txt;T1435_011.txt;T1435_012.txt;T1435_013.txt;T1435_014.txt;T1435_015.txt;T1435_016.txt;T1435_017.txt;T1435_018.txt;T1435_019.txt;T1435_020.txt;T1435_021.txt;T1435_022.txt;T1435_023.txt;T1435_024.txt;T1435_025.txt;T1435_026.txt;T1435_027.txt;T1435_028.txt;T1435_029.txt;T1435_030.txt;T1435_031.txt;T1435_032.txt;T1435_033.txt;T1435_034.txt;T1435_035.txt;T1435_036.txt;T1435_037.txt;T1435_038.txt;T1435_039.txt;T1435_040.txt;T1435_041.txt;T1435_042.txt;T1435_043.txt;T1435_044.txt;T1435_045.txt;T1435_046.txt;T1435_047.txt;T1435_048.txt;T1435_049.txt;T1435_050.txt;T1435_051.txt;T1435_052.txt;T1435_053.txt;T1435_054.txt;T1435_055.txt;T1435_056.txt;T1435_057.txt;T1435_058.txt;T1435_059.txt;T1435_060.txt;T1435_061.txt,404,404,後秦,石澗寺,32.5747,116.786,"Kashmir / northwest India (Sarvāstivāda transmission). Chinese translation metadata is from CBETA /works; Indic association is contextual, not an API geocode.",822652,Classical Chinese,油,oil,fat/medicine,149,1.8112154349591323,,
T1435,Chinese Vinaya translation,十誦律 / Sarvāstivāda Vinaya (Ten-Recitation Vinaya),Sarvāstivāda,CBETA API 2025R3,https://cbdata.dila.edu.tw/stable/download/text/T1435.txt.zip,T1435_001.txt;T1435_002.txt;T1435_003.txt;T1435_004.txt;T1435_005.txt;T1435_006.txt;T1435_007.txt;T1435_008.txt;T1435_009.txt;T1435_010.txt;T1435_011.txt;T1435_012.txt;T1435_013.txt;T1435_014.txt;T1435_015.txt;T1435_016.txt;T1435_017.txt;T1435_018.txt;T1435_019.txt;T1435_020.txt;T1435_021.txt;T1435_022.txt;T1435_023.txt;T1435_024.txt;T1435_025.txt;T1435_026.txt;T1435_027.txt;T1435_028.txt;T1435_029.txt;T1435_030.txt;T1435_031.txt;T1435_032.txt;T1435_033.txt;T1435_034.txt;T1435_035.txt;T1435_036.txt;T1435_037.txt;T1435_038.txt;T1435_039.txt;T1435_040.txt;T1435_041.txt;T1435_042.txt;T1435_043.txt;T1435_044.txt;T1435_045.txt;T1435_046.txt;T1435_047.txt;T1435_048.txt;T1435_049.txt;T1435_050.txt;T1435_051.txt;T1435_052.txt;T1435_053.txt;T1435_054.txt;T1435_055.txt;T1435_056.txt;T1435_057.txt;T1435_058.txt;T1435_059.txt;T1435_060.txt;T1435_061.txt,404,404,後秦,石澗寺,32.5747,116.786,"Kashmir / northwest India (Sarvāstivāda transmission). Chinese translation metadata is from CBETA /works; Indic association is contextual, not an API geocode.",822652,Classical Chinese,鹽,salt,seasoning,39,0.47407652324433663,,
T1435,Chinese Vinaya translation,十誦律 / Sarvāstivāda Vinaya (Ten-Recitation Vinaya),Sarvāstivāda,CBETA API 2025R3,https://cbdata.dila.edu.tw/stable/download/text/T1435.txt.zip,T1435_001.txt;T1435_002.txt;T1435_003.txt;T1435_004.txt;T1435_005.txt;T1435_006.txt;T1435_007.txt;T1435_008.txt;T1435_009.txt;T1435_010.txt;T1435_011.txt;T1435_012.txt;T1435_013.txt;T1435_014.txt;T1435_015.txt;T1435_016.txt;T1435_017.txt;T1435_018.txt;T1435_019.txt;T1435_020.txt;T1435_021.txt;T1435_022.txt;T1435_023.txt;T1435_024.txt;T1435_025.txt;T1435_026.txt;T1435_027.txt;T1435_028.txt;T1435_029.txt;T1435_030.txt;T1435_031.txt;T1435_032.txt;T1435_033.txt;T1435_034.txt;T1435_035.txt;T1435_036.txt;T1435_037.txt;T1435_038.txt;T1435_039.txt;T1435_040.txt;T1435_041.txt;T1435_042.txt;T1435_043.txt;T1435_044.txt;T1435_045.txt;T1435_046.txt;T1435_047.txt;T1435_048.txt;T1435_049.txt;T1435_050.txt;T1435_051.txt;T1435_052.txt;T1435_053.txt;T1435_054.txt;T1435_055.txt;T1435_056.txt;T1435_057.txt;T1435_058.txt;T1435_059.txt;T1435_060.txt;T1435_061.txt,404,404,後秦,石澗寺,32.5747,116.786,"Kashmir / northwest India (Sarvāstivāda transmission). Chinese translation metadata is from CBETA /works; Indic association is contextual, not an API geocode.",822652,Classical Chinese,薑,ginger,seasoning/medicine,14,0.17018131603642853,,
T1435,Chinese Vinaya translation,十誦律 / Sarvāstivāda Vinaya (Ten-Recitation Vinaya),Sarvāstivāda,CBETA API 2025R3,https://cbdata.dila.edu.tw/stable/download/text/T1435.txt.zip,T1435_001.txt;T1435_002.txt;T1435_003.txt;T1435_004.txt;T1435_005.txt;T1435_006.txt;T1435_007.txt;T1435_008.txt;T1435_009.txt;T1435_010.txt;T1435_011.txt;T1435_012.txt;T1435_013.txt;T1435_014.txt;T1435_015.txt;T1435_016.txt;T1435_017.txt;T1435_018.txt;T1435_019.txt;T1435_020.txt;T1435_021.txt;T1435_022.txt;T1435_023.txt;T1435_024.txt;T1435_025.txt;T1435_026.txt;T1435_027.txt;T1435_028.txt;T1435_029.txt;T1435_030.txt;T1435_031.txt;T1435_032.txt;T1435_033.txt;T1435_034.txt;T1435_035.txt;T1435_036.txt;T1435_037.txt;T1435_038.txt;T1435_039.txt;T1435_040.txt;T1435_041.txt;T1435_042.txt;T1435_043.txt;T1435_044.txt;T1435_045.txt;T1435_046.txt;T1435_047.txt;T1435_048.txt;T1435_049.txt;T1435_050.txt;T1435_051.txt;T1435_052.txt;T1435_053.txt;T1435_054.txt;T1435_055.txt;T1435_056.txt;T1435_057.txt;T1435_058.txt;T1435_059.txt;T1435_060.txt;T1435_061.txt,404,404,後秦,石澗寺,32.5747,116.786,"Kashmir / northwest India (Sarvāstivāda transmission). Chinese translation metadata is from CBETA /works; Indic association is contextual, not an API geocode.",822652,Classical Chinese,糖,sugar,sweetener/medicine,0,0.0,,
T1435,Chinese Vinaya translation,十誦律 / Sarvāstivāda Vinaya (Ten-Recitation Vinaya),Sarvāstivāda,CBETA API 2025R3,https://cbdata.dila.edu.tw/stable/download/text/T1435.txt.zip,T1435_001.txt;T1435_002.txt;T1435_003.txt;T1435_004.txt;T1435_005.txt;T1435_006.txt;T1435_007.txt;T1435_008.txt;T1435_009.txt;T1435_010.txt;T1435_011.txt;T1435_012.txt;T1435_013.txt;T1435_014.txt;T1435_015.txt;T1435_016.txt;T1435_017.txt;T1435_018.txt;T1435_019.txt;T1435_020.txt;T1435_021.txt;T1435_022.txt;T1435_023.txt;T1435_024.txt;T1435_025.txt;T1435_026.txt;T1435_027.txt;T1435_028.txt;T1435_029.txt;T1435_030.txt;T1435_031.txt;T1435_032.txt;T1435_033.txt;T1435_034.txt;T1435_035.txt;T1435_036.txt;T1435_037.txt;T1435_038.txt;T1435_039.txt;T1435_040.txt;T1435_041.txt;T1435_042.txt;T1435_043.txt;T1435_044.txt;T1435_045.txt;T1435_046.txt;T1435_047.txt;T1435_048.txt;T1435_049.txt;T1435_050.txt;T1435_051.txt;T1435_052.txt;T1435_053.txt;T1435_054.txt;T1435_055.txt;T1435_056.txt;T1435_057.txt;T1435_058.txt;T1435_059.txt;T1435_060.txt;T1435_061.txt,404,404,後秦,石澗寺,32.5747,116.786,"Kashmir / northwest India (Sarvāstivāda transmission). Chinese translation metadata is from CBETA /works; Indic association is contextual, not an API geocode.",822652,Classical Chinese,漿,drink/syrup,drink,82,0.9967762796419386,,
T1442,Chinese Vinaya translation,根本說一切有部毘奈耶 / Mūlasarvāstivāda Vinaya,Mūlasarvāstivāda,CBETA API 2025R3,https://cbdata.dila.edu.tw/stable/download/text/T1442.txt.zip,T1442_001.txt;T1442_002.txt;T1442_003.txt;T1442_004.txt;T1442_005.txt;T1442_006.txt;T1442_007.txt;T1442_008.txt;T1442_009.txt;T1442_010.txt;T1442_011.txt;T1442_012.txt;T1442_013.txt;T1442_014.txt;T1442_015.txt;T1442_016.txt;T1442_017.txt;T1442_018.txt;T1442_019.txt;T1442_020.txt;T1442_021.txt;T1442_022.txt;T1442_023.txt;T1442_024.txt;T1442_025.txt;T1442_026.txt;T1442_027.txt;T1442_028.txt;T1442_029.txt;T1442_030.txt;T1442_031.txt;T1442_032.txt;T1442_033.txt;T1442_034.txt;T1442_035.txt;T1442_036.txt;T1442_037.txt;T1442_038.txt;T1442_039.txt;T1442_040.txt;T1442_041.txt;T1442_042.txt;T1442_043.txt;T1442_044.txt;T1442_045.txt;T1442_046.txt;T1442_047.txt;T1442_048.txt;T1442_049.txt;T1442_050.txt,702,703,唐,西明寺,34.236717,108.914578,"north India / Kashmir-linked Mūlasarvāstivāda transmission. Chinese translation metadata is from CBETA /works; Indic association is contextual, not an API geocode.",471949,Classical Chinese,粥,gruel/congee,grain/preparation,20,0.42377460276428175,,
T1442,Chinese Vinaya translation,根本說一切有部毘奈耶 / Mūlasarvāstivāda Vinaya,Mūlasarvāstivāda,CBETA API 2025R3,https://cbdata.dila.edu.tw/stable/download/text/T1442.txt.zip,T1442_001.txt;T1442_002.txt;T1442_003.txt;T1442_004.txt;T1442_005.txt;T1442_006.txt;T1442_007.txt;T1442_008.txt;T1442_009.txt;T1442_010.txt;T1442_011.txt;T1442_012.txt;T1442_013.txt;T1442_014.txt;T1442_015.txt;T1442_016.txt;T1442_017.txt;T1442_018.txt;T1442_019.txt;T1442_020.txt;T1442_021.txt;T1442_022.txt;T1442_023.txt;T1442_024.txt;T1442_025.txt;T1442_026.txt;T1442_027.txt;T1442_028.txt;T1442_029.txt;T1442_030.txt;T1442_031.txt;T1442_032.txt;T1442_033.txt;T1442_034.txt;T1442_035.txt;T1442_036.txt;T1442_037.txt;T1442_038.txt;T1442_039.txt;T1442_040.txt;T1442_041.txt;T1442_042.txt;T1442_043.txt;T1442_044.txt;T1442_045.txt;T1442_046.txt;T1442_047.txt;T1442_048.txt;T1442_049.txt;T1442_050.txt,702,703,唐,西明寺,34.236717,108.914578,"north India / Kashmir-linked Mūlasarvāstivāda transmission. Chinese translation metadata is from CBETA /works; Indic association is contextual, not an API geocode.",471949,Classical Chinese,乳,milk,dairy,70,1.483211109674986,,
T1442,Chinese Vinaya translation,根本說一切有部毘奈耶 / Mūlasarvāstivāda Vinaya,Mūlasarvāstivāda,CBETA API 2025R3,https://cbdata.dila.edu.tw/stable/download/text/T1442.txt.zip,T1442_001.txt;T1442_002.txt;T1442_003.txt;T1442_004.txt;T1442_005.txt;T1442_006.txt;T1442_007.txt;T1442_008.txt;T1442_009.txt;T1442_010.txt;T1442_011.txt;T1442_012.txt;T1442_013.txt;T1442_014.txt;T1442_015.txt;T1442_016.txt;T1442_017.txt;T1442_018.txt;T1442_019.txt;T1442_020.txt;T1442_021.txt;T1442_022.txt;T1442_023.txt;T1442_024.txt;T1442_025.txt;T1442_026.txt;T1442_027.txt;T1442_028.txt;T1442_029.txt;T1442_030.txt;T1442_031.txt;T1442_032.txt;T1442_033.txt;T1442_034.txt;T1442_035.txt;T1442_036.txt;T1442_037.txt;T1442_038.txt;T1442_039.txt;T1442_040.txt;T1442_041.txt;T1442_042.txt;T1442_043.txt;T1442_044.txt;T1442_045.txt;T1442_046.txt;T1442_047.txt;T1442_048.txt;T1442_049.txt;T1442_050.txt,702,703,唐,西明寺,34.236717,108.914578,"north India / Kashmir-linked Mūlasarvāstivāda transmission. Chinese translation metadata is from CBETA /works; Indic association is contextual, not an API geocode.",471949,Classical Chinese,酥,ghee/butter,dairy,33,0.6992280945610648,,
T1442,Chinese Vinaya translation,根本說一切有部毘奈耶 / Mūlasarvāstivāda Vinaya,Mūlasarvāstivāda,CBETA API 2025R3,https://cbdata.dila.edu.tw/stable/download/text/T1442.txt.zip,T1442_001.txt;T1442_002.txt;T1442_003.txt;T1442_004.txt;T1442_005.txt;T1442_006.txt;T1442_007.txt;T1442_008.txt;T1442_009.txt;T1442_010.txt;T1442_011.txt;T1442_012.txt;T1442_013.txt;T1442_014.txt;T1442_015.txt;T1442_016.txt;T1442_017.txt;T1442_018.txt;T1442_019.txt;T1442_020.txt;T1442_021.txt;T1442_022.txt;T1442_023.txt;T1442_024.txt;T1442_025.txt;T1442_026.txt;T1442_027.txt;T1442_028.txt;T1442_029.txt;T1442_030.txt;T1442_031.txt;T1442_032.txt;T1442_033.txt;T1442_034.txt;T1442_035.txt;T1442_036.txt;T1442_037.txt;T1442_038.txt;T1442_039.txt;T1442_040.txt;T1442_041.txt;T1442_042.txt;T1442_043.txt;T1442_044.txt;T1442_045.txt;T1442_046.txt;T1442_047.txt;T1442_048.txt;T1442_049.txt;T1442_050.txt,702,703,唐,西明寺,34.236717,108.914578,"north India / Kashmir-linked Mūlasarvāstivāda transmission. Chinese translation metadata is from CBETA /works; Indic association is contextual, not an API geocode.",471949,Classical Chinese,蜜,honey,sweetener/medicine,31,0.6568506342846367,,
T1442,Chinese Vinaya translation,根本說一切有部毘奈耶 / Mūlasarvāstivāda Vinaya,Mūlasarvāstivāda,CBETA API 2025R3,https://cbdata.dila.edu.tw/stable/download/text/T1442.txt.zip,T1442_001.txt;T1442_002.txt;T1442_003.txt;T1442_004.txt;T1442_005.txt;T1442_006.txt;T1442_007.txt;T1442_008.txt;T1442_009.txt;T1442_010.txt;T1442_011.txt;T1442_012.txt;T1442_013.txt;T1442_014.txt;T1442_015.txt;T1442_016.txt;T1442_017.txt;T1442_018.txt;T1442_019.txt;T1442_020.txt;T1442_021.txt;T1442_022.txt;T1442_023.txt;T1442_024.txt;T1442_025.txt;T1442_026.txt;T1442_027.txt;T1442_028.txt;T1442_029.txt;T1442_030.txt;T1442_031.txt;T1442_032.txt;T1442_033.txt;T1442_034.txt;T1442_035.txt;T1442_036.txt;T1442_037.txt;T1442_038.txt;T1442_039.txt;T1442_040.txt;T1442_041.txt;T1442_042.txt;T1442_043.txt;T1442_044.txt;T1442_045.txt;T1442_046.txt;T1442_047.txt;T1442_048.txt;T1442_049.txt;T1442_050.txt,702,703,唐,西明寺,34.236717,108.914578,"north India / Kashmir-linked Mūlasarvāstivāda transmission. Chinese translation metadata is from CBETA /works; Indic association is contextual, not an API geocode.",471949,Classical Chinese,飯,cooked rice/meal,grain/preparation,141,2.9876109494881864,,
T1442,Chinese Vinaya translation,根本說一切有部毘奈耶 / Mūlasarvāstivāda Vinaya,Mūlasarvāstivāda,CBETA API 2025R3,https://cbdata.dila.edu.tw/stable/download/text/T1442.txt.zip,T1442_001.txt;T1442_002.txt;T1442_003.txt;T1442_004.txt;T1442_005.txt;T1442_006.txt;T1442_007.txt;T1442_008.txt;T1442_009.txt;T1442_010.txt;T1442_011.txt;T1442_012.txt;T1442_013.txt;T1442_014.txt;T1442_015.txt;T1442_016.txt;T1442_017.txt;T1442_018.txt;T1442_019.txt;T1442_020.txt;T1442_021.txt;T1442_022.txt;T1442_023.txt;T1442_024.txt;T1442_025.txt;T1442_026.txt;T1442_027.txt;T1442_028.txt;T1442_029.txt;T1442_030.txt;T1442_031.txt;T1442_032.txt;T1442_033.txt;T1442_034.txt;T1442_035.txt;T1442_036.txt;T1442_037.txt;T1442_038.txt;T1442_039.txt;T1442_040.txt;T1442_041.txt;T1442_042.txt;T1442_043.txt;T1442_044.txt;T1442_045.txt;T1442_046.txt;T1442_047.txt;T1442_048.txt;T1442_049.txt;T1442_050.txt,702,703,唐,西明寺,34.236717,108.914578,"north India / Kashmir-linked Mūlasarvāstivāda transmission. Chinese translation metadata is from CBETA /works; Indic association is contextual, not an API geocode.",471949,Classical Chinese,米,rice,grain,22,0.4661520630407099,,
T1442,Chinese Vinaya translation,根本說一切有部毘奈耶 / Mūlasarvāstivāda Vinaya,Mūlasarvāstivāda,CBETA API 2025R3,https://cbdata.dila.edu.tw/stable/download/text/T1442.txt.zip,T1442_001.txt;T1442_002.txt;T1442_003.txt;T1442_004.txt;T1442_005.txt;T1442_006.txt;T1442_007.txt;T1442_008.txt;T1442_009.txt;T1442_010.txt;T1442_011.txt;T1442_012.txt;T1442_013.txt;T1442_014.txt;T1442_015.txt;T1442_016.txt;T1442_017.txt;T1442_018.txt;T1442_019.txt;T1442_020.txt;T1442_021.txt;T1442_022.txt;T1442_023.txt;T1442_024.txt;T1442_025.txt;T1442_026.txt;T1442_027.txt;T1442_028.txt;T1442_029.txt;T1442_030.txt;T1442_031.txt;T1442_032.txt;T1442_033.txt;T1442_034.txt;T1442_035.txt;T1442_036.txt;T1442_037.txt;T1442_038.txt;T1442_039.txt;T1442_040.txt;T1442_041.txt;T1442_042.txt;T1442_043.txt;T1442_044.txt;T1442_045.txt;T1442_046.txt;T1442_047.txt;T1442_048.txt;T1442_049.txt;T1442_050.txt,702,703,唐,西明寺,34.236717,108.914578,"north India / Kashmir-linked Mūlasarvāstivāda transmission. Chinese translation metadata is from CBETA /works; Indic association is contextual, not an API geocode.",471949,Classical Chinese,麥,wheat/barley,grain,28,0.5932844438699943,,
T1442,Chinese Vinaya translation,根本說一切有部毘奈耶 / Mūlasarvāstivāda Vinaya,Mūlasarvāstivāda,CBETA API 2025R3,https://cbdata.dila.edu.tw/stable/download/text/T1442.txt.zip,T1442_001.txt;T1442_002.txt;T1442_003.txt;T1442_004.txt;T1442_005.txt;T1442_006.txt;T1442_007.txt;T1442_008.txt;T1442_009.txt;T1442_010.txt;T1442_011.txt;T1442_012.txt;T1442_013.txt;T1442_014.txt;T1442_015.txt;T1442_016.txt;T1442_017.txt;T1442_018.txt;T1442_019.txt;T1442_020.txt;T1442_021.txt;T1442_022.txt;T1442_023.txt;T1442_024.txt;T1442_025.txt;T1442_026.txt;T1442_027.txt;T1442_028.txt;T1442_029.txt;T1442_030.txt;T1442_031.txt;T1442_032.txt;T1442_033.txt;T1442_034.txt;T1442_035.txt;T1442_036.txt;T1442_037.txt;T1442_038.txt;T1442_039.txt;T1442_040.txt;T1442_041.txt;T1442_042.txt;T1442_043.txt;T1442_044.txt;T1442_045.txt;T1442_046.txt;T1442_047.txt;T1442_048.txt;T1442_049.txt;T1442_050.txt,702,703,唐,西明寺,34.236717,108.914578,"north India / Kashmir-linked Mūlasarvāstivāda transmission. Chinese translation metadata is from CBETA /works; Indic association is contextual, not an API geocode.",471949,Classical Chinese,肉,meat,animal food,82,1.737475871333555,,
T1442,Chinese Vinaya translation,根本說一切有部毘奈耶 / Mūlasarvāstivāda Vinaya,Mūlasarvāstivāda,CBETA API 2025R3,https://cbdata.dila.edu.tw/stable/download/text/T1442.txt.zip,T1442_001.txt;T1442_002.txt;T1442_003.txt;T1442_004.txt;T1442_005.txt;T1442_006.txt;T1442_007.txt;T1442_008.txt;T1442_009.txt;T1442_010.txt;T1442_011.txt;T1442_012.txt;T1442_013.txt;T1442_014.txt;T1442_015.txt;T1442_016.txt;T1442_017.txt;T1442_018.txt;T1442_019.txt;T1442_020.txt;T1442_021.txt;T1442_022.txt;T1442_023.txt;T1442_024.txt;T1442_025.txt;T1442_026.txt;T1442_027.txt;T1442_028.txt;T1442_029.txt;T1442_030.txt;T1442_031.txt;T1442_032.txt;T1442_033.txt;T1442_034.txt;T1442_035.txt;T1442_036.txt;T1442_037.txt;T1442_038.txt;T1442_039.txt;T1442_040.txt;T1442_041.txt;T1442_042.txt;T1442_043.txt;T1442_044.txt;T1442_045.txt;T1442_046.txt;T1442_047.txt;T1442_048.txt;T1442_049.txt;T1442_050.txt,702,703,唐,西明寺,34.236717,108.914578,"north India / Kashmir-linked Mūlasarvāstivāda transmission. Chinese translation metadata is from CBETA /works; Indic association is contextual, not an API geocode.",471949,Classical Chinese,魚,fish,animal food,58,1.228946348016417,,
T1442,Chinese Vinaya translation,根本說一切有部毘奈耶 / Mūlasarvāstivāda Vinaya,Mūlasarvāstivāda,CBETA API 2025R3,https://cbdata.dila.edu.tw/stable/download/text/T1442.txt.zip,T1442_001.txt;T1442_002.txt;T1442_003.txt;T1442_004.txt;T1442_005.txt;T1442_006.txt;T1442_007.txt;T1442_008.txt;T1442_009.txt;T1442_010.txt;T1442_011.txt;T1442_012.txt;T1442_013.txt;T1442_014.txt;T1442_015.txt;T1442_016.txt;T1442_017.txt;T1442_018.txt;T1442_019.txt;T1442_020.txt;T1442_021.txt;T1442_022.txt;T1442_023.txt;T1442_024.txt;T1442_025.txt;T1442_026.txt;T1442_027.txt;T1442_028.txt;T1442_029.txt;T1442_030.txt;T1442_031.txt;T1442_032.txt;T1442_033.txt;T1442_034.txt;T1442_035.txt;T1442_036.txt;T1442_037.txt;T1442_038.txt;T1442_039.txt;T1442_040.txt;T1442_041.txt;T1442_042.txt;T1442_043.txt;T1442_044.txt;T1442_045.txt;T1442_046.txt;T1442_047.txt;T1442_048.txt;T1442_049.txt;T1442_050.txt,702,703,唐,西明寺,34.236717,108.914578,"north India / Kashmir-linked Mūlasarvāstivāda transmission. Chinese translation metadata is from CBETA /works; Indic association is contextual, not an API geocode.",471949,Classical Chinese,餅,cake/bread,grain/preparation,75,1.5891547603660565,,
T1442,Chinese Vinaya translation,根本說一切有部毘奈耶 / Mūlasarvāstivāda Vinaya,Mūlasarvāstivāda,CBETA API 2025R3,https://cbdata.dila.edu.tw/stable/download/text/T1442.txt.zip,T1442_001.txt;T1442_002.txt;T1442_003.txt;T1442_004.txt;T1442_005.txt;T1442_006.txt;T1442_007.txt;T1442_008.txt;T1442_009.txt;T1442_010.txt;T1442_011.txt;T1442_012.txt;T1442_013.txt;T1442_014.txt;T1442_015.txt;T1442_016.txt;T1442_017.txt;T1442_018.txt;T1442_019.txt;T1442_020.txt;T1442_021.txt;T1442_022.txt;T1442_023.txt;T1442_024.txt;T1442_025.txt;T1442_026.txt;T1442_027.txt;T1442_028.txt;T1442_029.txt;T1442_030.txt;T1442_031.txt;T1442_032.txt;T1442_033.txt;T1442_034.txt;T1442_035.txt;T1442_036.txt;T1442_037.txt;T1442_038.txt;T1442_039.txt;T1442_040.txt;T1442_041.txt;T1442_042.txt;T1442_043.txt;T1442_044.txt;T1442_045.txt;T1442_046.txt;T1442_047.txt;T1442_048.txt;T1442_049.txt;T1442_050.txt,702,703,唐,西明寺,34.236717,108.914578,"north India / Kashmir-linked Mūlasarvāstivāda transmission. Chinese translation metadata is from CBETA /works; Indic association is contextual, not an API geocode.",471949,Classical Chinese,油,oil,fat/medicine,63,1.3348899987074874,,
T1442,Chinese Vinaya translation,根本說一切有部毘奈耶 / Mūlasarvāstivāda Vinaya,Mūlasarvāstivāda,CBETA API 2025R3,https://cbdata.dila.edu.tw/stable/download/text/T1442.txt.zip,T1442_001.txt;T1442_002.txt;T1442_003.txt;T1442_004.txt;T1442_005.txt;T1442_006.txt;T1442_007.txt;T1442_008.txt;T1442_009.txt;T1442_010.txt;T1442_011.txt;T1442_012.txt;T1442_013.txt;T1442_014.txt;T1442_015.txt;T1442_016.txt;T1442_017.txt;T1442_018.txt;T1442_019.txt;T1442_020.txt;T1442_021.txt;T1442_022.txt;T1442_023.txt;T1442_024.txt;T1442_025.txt;T1442_026.txt;T1442_027.txt;T1442_028.txt;T1442_029.txt;T1442_030.txt;T1442_031.txt;T1442_032.txt;T1442_033.txt;T1442_034.txt;T1442_035.txt;T1442_036.txt;T1442_037.txt;T1442_038.txt;T1442_039.txt;T1442_040.txt;T1442_041.txt;T1442_042.txt;T1442_043.txt;T1442_044.txt;T1442_045.txt;T1442_046.txt;T1442_047.txt;T1442_048.txt;T1442_049.txt;T1442_050.txt,702,703,唐,西明寺,34.236717,108.914578,"north India / Kashmir-linked Mūlasarvāstivāda transmission. Chinese translation metadata is from CBETA /works; Indic association is contextual, not an API geocode.",471949,Classical Chinese,鹽,salt,seasoning,15,0.31783095207321127,,
T1442,Chinese Vinaya translation,根本說一切有部毘奈耶 / Mūlasarvāstivāda Vinaya,Mūlasarvāstivāda,CBETA API 2025R3,https://cbdata.dila.edu.tw/stable/download/text/T1442.txt.zip,T1442_001.txt;T1442_002.txt;T1442_003.txt;T1442_004.txt;T1442_005.txt;T1442_006.txt;T1442_007.txt;T1442_008.txt;T1442_009.txt;T1442_010.txt;T1442_011.txt;T1442_012.txt;T1442_013.txt;T1442_014.txt;T1442_015.txt;T1442_016.txt;T1442_017.txt;T1442_018.txt;T1442_019.txt;T1442_020.txt;T1442_021.txt;T1442_022.txt;T1442_023.txt;T1442_024.txt;T1442_025.txt;T1442_026.txt;T1442_027.txt;T1442_028.txt;T1442_029.txt;T1442_030.txt;T1442_031.txt;T1442_032.txt;T1442_033.txt;T1442_034.txt;T1442_035.txt;T1442_036.txt;T1442_037.txt;T1442_038.txt;T1442_039.txt;T1442_040.txt;T1442_041.txt;T1442_042.txt;T1442_043.txt;T1442_044.txt;T1442_045.txt;T1442_046.txt;T1442_047.txt;T1442_048.txt;T1442_049.txt;T1442_050.txt,702,703,唐,西明寺,34.236717,108.914578,"north India / Kashmir-linked Mūlasarvāstivāda transmission. Chinese translation metadata is from CBETA /works; Indic association is contextual, not an API geocode.",471949,Classical Chinese,薑,ginger,seasoning/medicine,7,0.1483211109674986,,
T1442,Chinese Vinaya translation,根本說一切有部毘奈耶 / Mūlasarvāstivāda Vinaya,Mūlasarvāstivāda,CBETA API 2025R3,https://cbdata.dila.edu.tw/stable/download/text/T1442.txt.zip,T1442_001.txt;T1442_002.txt;T1442_003.txt;T1442_004.txt;T1442_005.txt;T1442_006.txt;T1442_007.txt;T1442_008.txt;T1442_009.txt;T1442_010.txt;T1442_011.txt;T1442_012.txt;T1442_013.txt;T1442_014.txt;T1442_015.txt;T1442_016.txt;T1442_017.txt;T1442_018.txt;T1442_019.txt;T1442_020.txt;T1442_021.txt;T1442_022.txt;T1442_023.txt;T1442_024.txt;T1442_025.txt;T1442_026.txt;T1442_027.txt;T1442_028.txt;T1442_029.txt;T1442_030.txt;T1442_031.txt;T1442_032.txt;T1442_033.txt;T1442_034.txt;T1442_035.txt;T1442_036.txt;T1442_037.txt;T1442_038.txt;T1442_039.txt;T1442_040.txt;T1442_041.txt;T1442_042.txt;T1442_043.txt;T1442_044.txt;T1442_045.txt;T1442_046.txt;T1442_047.txt;T1442_048.txt;T1442_049.txt;T1442_050.txt,702,703,唐,西明寺,34.236717,108.914578,"north India / Kashmir-linked Mūlasarvāstivāda transmission. Chinese translation metadata is from CBETA /works; Indic association is contextual, not an API geocode.",471949,Classical Chinese,糖,sugar,sweetener/medicine,17,0.3602084123496395,,
T1442,Chinese Vinaya translation,根本說一切有部毘奈耶 / Mūlasarvāstivāda Vinaya,Mūlasarvāstivāda,CBETA API 2025R3,https://cbdata.dila.edu.tw/stable/download/text/T1442.txt.zip,T1442_001.txt;T1442_002.txt;T1442_003.txt;T1442_004.txt;T1442_005.txt;T1442_006.txt;T1442_007.txt;T1442_008.txt;T1442_009.txt;T1442_010.txt;T1442_011.txt;T1442_012.txt;T1442_013.txt;T1442_014.txt;T1442_015.txt;T1442_016.txt;T1442_017.txt;T1442_018.txt;T1442_019.txt;T1442_020.txt;T1442_021.txt;T1442_022.txt;T1442_023.txt;T1442_024.txt;T1442_025.txt;T1442_026.txt;T1442_027.txt;T1442_028.txt;T1442_029.txt;T1442_030.txt;T1442_031.txt;T1442_032.txt;T1442_033.txt;T1442_034.txt;T1442_035.txt;T1442_036.txt;T1442_037.txt;T1442_038.txt;T1442_039.txt;T1442_040.txt;T1442_041.txt;T1442_042.txt;T1442_043.txt;T1442_044.txt;T1442_045.txt;T1442_046.txt;T1442_047.txt;T1442_048.txt;T1442_049.txt;T1442_050.txt,702,703,唐,西明寺,34.236717,108.914578,"north India / Kashmir-linked Mūlasarvāstivāda transmission. Chinese translation metadata is from CBETA /works; Indic association is contextual, not an API geocode.",471949,Classical Chinese,漿,drink/syrup,drink,35,0.741605554837493,,
pli-tv,Pāli Vinaya root text,Theravāda Vinayapiṭaka (SuttaCentral Bilara root text),Theravāda,SuttaCentral bilara-data published branch,https://github.com/suttacentral/bilara-data/tree/published/root/pli/ms/vinaya,422 root/pli/ms/vinaya JSON files,,,,Sri Lanka (textual redaction/preservation convention),7.8731,80.7718,Pāli Vinaya root text; coordinates are country centroid for Sri Lanka and should not be read as a precise composition site.,3880316,Pāli (Romanized),yāgu,gruel/congee,grain/preparation,52,0.13400970436428372,pli-tv-bi-vb-np8:1.4,"“amukassa, ayye, āpaṇikassa ghare yāguatthāya parikkhāro nikkhitto, tato taṇḍulaṁ āharāpetvā yāguṁ pacāpetvā paribhuñjathā”ti. "
pli-tv,Pāli Vinaya root text,Theravāda Vinayapiṭaka (SuttaCentral Bilara root text),Theravāda,SuttaCentral bilara-data published branch,https://github.com/suttacentral/bilara-data/tree/published/root/pli/ms/vinaya,422 root/pli/ms/vinaya JSON files,,,,Sri Lanka (textual redaction/preservation convention),7.8731,80.7718,Pāli Vinaya root text; coordinates are country centroid for Sri Lanka and should not be read as a precise composition site.,3880316,Pāli (Romanized),khīra,milk,dairy,25,0.06442774248282872,pli-tv-bi-pm:244.1,Yā pana bhikkhunī agilānā khīraṁ viññāpetvā bhuñjeyya …pe… 
pli-tv,Pāli Vinaya root text,Theravāda Vinayapiṭaka (SuttaCentral Bilara root text),Theravāda,SuttaCentral bilara-data published branch,https://github.com/suttacentral/bilara-data/tree/published/root/pli/ms/vinaya,422 root/pli/ms/vinaya JSON files,,,,Sri Lanka (textual redaction/preservation convention),7.8731,80.7718,Pāli Vinaya root text; coordinates are country centroid for Sri Lanka and should not be read as a precise composition site.,3880316,Pāli (Romanized),sappi,ghee/butter,dairy,74,0.190706117749173,pli-tv-bi-pm:62.1,"Yāni kho pana tāni gilānānaṁ bhikkhunīnaṁ paṭisāyanīyāni bhesajjāni, seyyathidaṁ: sappi navanītaṁ telaṁ madhu phāṇitaṁ, tāni paṭiggahetvā sattāhaparamaṁ sannidhikārakaṁ paribhuñjitabbāni. "
pli-tv,Pāli Vinaya root text,Theravāda Vinayapiṭaka (SuttaCentral Bilara root text),Theravāda,SuttaCentral bilara-data published branch,https://github.com/suttacentral/bilara-data/tree/published/root/pli/ms/vinaya,422 root/pli/ms/vinaya JSON files,,,,Sri Lanka (textual redaction/preservation convention),7.8731,80.7718,Pāli Vinaya root text; coordinates are country centroid for Sri Lanka and should not be read as a precise composition site.,3880316,Pāli (Romanized),madhu,honey,sweetener/medicine,36,0.09277594917527335,pli-tv-bi-pm:62.1,"Yāni kho pana tāni gilānānaṁ bhikkhunīnaṁ paṭisāyanīyāni bhesajjāni, seyyathidaṁ: sappi navanītaṁ telaṁ madhu phāṇitaṁ, tāni paṭiggahetvā sattāhaparamaṁ sannidhikārakaṁ paribhuñjitabbāni. "
pli-tv,Pāli Vinaya root text,Theravāda Vinayapiṭaka (SuttaCentral Bilara root text),Theravāda,SuttaCentral bilara-data published branch,https://github.com/suttacentral/bilara-data/tree/published/root/pli/ms/vinaya,422 root/pli/ms/vinaya JSON files,,,,Sri Lanka (textual redaction/preservation convention),7.8731,80.7718,Pāli Vinaya root text; coordinates are country centroid for Sri Lanka and should not be read as a precise composition site.,3880316,Pāli (Romanized),odana,cooked rice/meal,grain/preparation,17,0.043810864888323524,pli-tv-bi-pm:284.1,Na sūpaṁ vā odanaṁ vā agilānā attano atthāya viññāpetvā bhuñjissāmīti sikkhā karaṇīyā. 
pli-tv,Pāli Vinaya root text,Theravāda Vinayapiṭaka (SuttaCentral Bilara root text),Theravāda,SuttaCentral bilara-data published branch,https://github.com/suttacentral/bilara-data/tree/published/root/pli/ms/vinaya,422 root/pli/ms/vinaya JSON files,,,,Sri Lanka (textual redaction/preservation convention),7.8731,80.7718,Pāli Vinaya root text; coordinates are country centroid for Sri Lanka and should not be read as a precise composition site.,3880316,Pāli (Romanized),taṇḍula,rice,grain,2,0.005154219398626298,pli-tv-bi-vb-np8:1.4,"“amukassa, ayye, āpaṇikassa ghare yāguatthāya parikkhāro nikkhitto, tato taṇḍulaṁ āharāpetvā yāguṁ pacāpetvā paribhuñjathā”ti. "
pli-tv,Pāli Vinaya root text,Theravāda Vinayapiṭaka (SuttaCentral Bilara root text),Theravāda,SuttaCentral bilara-data published branch,https://github.com/suttacentral/bilara-data/tree/published/root/pli/ms/vinaya,422 root/pli/ms/vinaya JSON files,,,,Sri Lanka (textual redaction/preservation convention),7.8731,80.7718,Pāli Vinaya root text; coordinates are country centroid for Sri Lanka and should not be read as a precise composition site.,3880316,Pāli (Romanized),godhūma,wheat/barley,grain,0,0.0,,
pli-tv,Pāli Vinaya root text,Theravāda Vinayapiṭaka (SuttaCentral Bilara root text),Theravāda,SuttaCentral bilara-data published branch,https://github.com/suttacentral/bilara-data/tree/published/root/pli/ms/vinaya,422 root/pli/ms/vinaya JSON files,,,,Sri Lanka (textual redaction/preservation convention),7.8731,80.7718,Pāli Vinaya root text; coordinates are country centroid for Sri Lanka and should not be read as a precise composition site.,3880316,Pāli (Romanized),maṃsa,meat,animal food,0,0.0,,
pli-tv,Pāli Vinaya root text,Theravāda Vinayapiṭaka (SuttaCentral Bilara root text),Theravāda,SuttaCentral bilara-data published branch,https://github.com/suttacentral/bilara-data/tree/published/root/pli/ms/vinaya,422 root/pli/ms/vinaya JSON files,,,,Sri Lanka (textual redaction/preservation convention),7.8731,80.7718,Pāli Vinaya root text; coordinates are country centroid for Sri Lanka and should not be read as a precise composition site.,3880316,Pāli (Romanized),maccha,fish,animal food,8,0.02061687759450519,pli-tv-bi-pm:242.1,Yā pana bhikkhunī agilānā macchaṁ viññāpetvā bhuñjeyya …pe… 
pli-tv,Pāli Vinaya root text,Theravāda Vinayapiṭaka (SuttaCentral Bilara root text),Theravāda,SuttaCentral bilara-data published branch,https://github.com/suttacentral/bilara-data/tree/published/root/pli/ms/vinaya,422 root/pli/ms/vinaya JSON files,,,,Sri Lanka (textual redaction/preservation convention),7.8731,80.7718,Pāli Vinaya root text; coordinates are country centroid for Sri Lanka and should not be read as a precise composition site.,3880316,Pāli (Romanized),pūva,cake/bread,grain/preparation,23,0.059273523084202424,pli-tv-bu-vb-pc34:1.1.6,Atha kho kāṇamātā upāsikā “kismiṁ viya rittahatthaṁ gantun”ti pūvaṁ paci. 
pli-tv,Pāli Vinaya root text,Theravāda Vinayapiṭaka (SuttaCentral Bilara root text),Theravāda,SuttaCentral bilara-data published branch,https://github.com/suttacentral/bilara-data/tree/published/root/pli/ms/vinaya,422 root/pli/ms/vinaya JSON files,,,,Sri Lanka (textual redaction/preservation convention),7.8731,80.7718,Pāli Vinaya root text; coordinates are country centroid for Sri Lanka and should not be read as a precise composition site.,3880316,Pāli (Romanized),tela,oil,fat/medicine,47,0.12112415586771798,pli-tv-bi-pm:62.1,"Yāni kho pana tāni gilānānaṁ bhikkhunīnaṁ paṭisāyanīyāni bhesajjāni, seyyathidaṁ: sappi navanītaṁ telaṁ madhu phāṇitaṁ, tāni paṭiggahetvā sattāhaparamaṁ sannidhikārakaṁ paribhuñjitabbāni. "
pli-tv,Pāli Vinaya root text,Theravāda Vinayapiṭaka (SuttaCentral Bilara root text),Theravāda,SuttaCentral bilara-data published branch,https://github.com/suttacentral/bilara-data/tree/published/root/pli/ms/vinaya,422 root/pli/ms/vinaya JSON files,,,,Sri Lanka (textual redaction/preservation convention),7.8731,80.7718,Pāli Vinaya root text; coordinates are country centroid for Sri Lanka and should not be read as a precise composition site.,3880316,Pāli (Romanized),loṇa,salt,seasoning,4,0.010308438797252595,pli-tv-kd22:1.10.12,"“Kappati, bhante, siṅginā loṇaṁ pariharituṁ—"
pli-tv,Pāli Vinaya root text,Theravāda Vinayapiṭaka (SuttaCentral Bilara root text),Theravāda,SuttaCentral bilara-data published branch,https://github.com/suttacentral/bilara-data/tree/published/root/pli/ms/vinaya,422 root/pli/ms/vinaya JSON files,,,,Sri Lanka (textual redaction/preservation convention),7.8731,80.7718,Pāli Vinaya root text; coordinates are country centroid for Sri Lanka and should not be read as a precise composition site.,3880316,Pāli (Romanized),siṅgivera,ginger,seasoning/medicine,2,0.005154219398626298,pli-tv-bu-vb-pc11:2.1.4,"haliddi, siṅgiveraṁ, vacā, vacattaṁ, ativisā, kaṭukarohiṇī, usīraṁ, bhaddamuttakaṁ, yāni vā panaññānipi atthi mūle jāyanti, mūle sañjāyanti, etaṁ mūlabījaṁ nāma. "
pli-tv,Pāli Vinaya root text,Theravāda Vinayapiṭaka (SuttaCentral Bilara root text),Theravāda,SuttaCentral bilara-data published branch,https://github.com/suttacentral/bilara-data/tree/published/root/pli/ms/vinaya,422 root/pli/ms/vinaya JSON files,,,,Sri Lanka (textual redaction/preservation convention),7.8731,80.7718,Pāli Vinaya root text; coordinates are country centroid for Sri Lanka and should not be read as a precise composition site.,3880316,Pāli (Romanized),phāṇita,sugar,sweetener/medicine,28,0.07215907158076816,pli-tv-bi-pm:62.1,"Yāni kho pana tāni gilānānaṁ bhikkhunīnaṁ paṭisāyanīyāni bhesajjāni, seyyathidaṁ: sappi navanītaṁ telaṁ madhu phāṇitaṁ, tāni paṭiggahetvā sattāhaparamaṁ sannidhikārakaṁ paribhuñjitabbāni. "
pli-tv,Pāli Vinaya root text,Theravāda Vinayapiṭaka (SuttaCentral Bilara root text),Theravāda,SuttaCentral bilara-data published branch,https://github.com/suttacentral/bilara-data/tree/published/root/pli/ms/vinaya,422 root/pli/ms/vinaya JSON files,,,,Sri Lanka (textual redaction/preservation convention),7.8731,80.7718,Pāli Vinaya root text; coordinates are country centroid for Sri Lanka and should not be read as a precise composition site.,3880316,Pāli (Romanized),pāna,drink/syrup,drink,3,0.007731329097939446,pli-tv-bu-vb-pj3:5.16.74,Tassa bhikkhu pānaṁ adaṁsu. 
